SEQ;MATRICULA;LINHAFUNCIONAL;ANOLETIVO;TIPOCONTRATO;CARGO;CODESCOLA;ESCOLA;TURMA;CODTURNO;NOMETURNO;CODSERIE;NOMESERIE;CODDISCIPLINA;NOMEDISCIPLINA;DATAINICIO;DATAFINAL;CHDISCIPLINA;CH_DISCIPLINAMENSAL;CH_ATIVIDADEMENSAL;HP;HA;JORNADAMENSAL
1;51772;19;2021;EFETIVO;PROFESSOR LICENCIADO PLENO;9;EMEF BENVINDA DE FRANCA MESSIAS;T44401;4;NOITE  ;76;4ª TOTALIDADE;11;EDUCACAO FISICA;02/08/21;30/12/21;5;130;0;25;30;185
2;51772;19;2021;EFETIVO;PROFESSOR LICENCIADO PLENO;9;EMEF BENVINDA DE FRANCA MESSIAS;T44401;4;NOITE  ;76;4ª TOTALIDADE;11;EDUCACAO FISICA;02/08/21;30/12/21;5;140;0;25;40;205
3;51772;19;2021;EFETIVO;PROFESSOR LICENCIADO PLENO;9;EMEF BENVINDA DE FRANCA MESSIAS;T33401;4;NOITE  ;75;3ª TOTALIDADE;11;EDUCACAO FISICA;02/08/21;30/12/21;5;130;0;25;30;185
4;51772;19;2021;EFETIVO;PROFESSOR LICENCIADO PLENO;9;EMEF BENVINDA DE FRANCA MESSIAS;T33401;4;NOITE  ;75;3ª TOTALIDADE;11;EDUCACAO FISICA;02/08/21;30/12/21;5;140;0;25;40;205
5;51772;19;2021;EFETIVO;PROFESSOR LICENCIADO PLENO;9;EMEF BENVINDA DE FRANCA MESSIAS;T22401;4;NOITE  ;58;2ª TOTALIDADE;11;EDUCACAO FISICA;02/08/21;30/12/21;10;130;0;25;30;185
6;51772;19;2021;EFETIVO;PROFESSOR LICENCIADO PLENO;9;EMEF BENVINDA DE FRANCA MESSIAS;T22401;4;NOITE  ;58;2ª TOTALIDADE;11;EDUCACAO FISICA;02/08/21;30/12/21;10;140;0;25;40;205
7;51772;19;2021;EFETIVO;PROFESSOR LICENCIADO PLENO;9;EMEF BENVINDA DE FRANCA MESSIAS;T11401;4;NOITE  ;57;1ª TOTALIDADE;11;EDUCACAO FISICA;29/04/22;30/06/22;10;130;0;25;30;185
8;51772;19;2021;EFETIVO;PROFESSOR LICENCIADO PLENO;9;EMEF BENVINDA DE FRANCA MESSIAS;T11401;4;NOITE  ;57;1ª TOTALIDADE;11;EDUCACAO FISICA;29/04/22;30/06/22;10;140;0;25;40;205
9;51772;19;2021;EFETIVO;PROFESSOR LICENCIADO PLENO;9;EMEF BENVINDA DE FRANCA MESSIAS;T44401;4;NOITE  ;76;4ª TOTALIDADE;11;EDUCACAO FISICA;14/06/21;30/06/21;5;130;0;25;30;185
10;51772;19;2021;EFETIVO;PROFESSOR LICENCIADO PLENO;9;EMEF BENVINDA DE FRANCA MESSIAS;T44401;4;NOITE  ;76;4ª TOTALIDADE;11;EDUCACAO FISICA;14/06/21;30/06/21;5;140;0;25;40;205
11;51772;19;2021;EFETIVO;PROFESSOR LICENCIADO PLENO;9;EMEF BENVINDA DE FRANCA MESSIAS;T33401;4;NOITE  ;75;3ª TOTALIDADE;11;EDUCACAO FISICA;14/06/21;30/06/21;5;130;0;25;30;185
12;51772;19;2021;EFETIVO;PROFESSOR LICENCIADO PLENO;9;EMEF BENVINDA DE FRANCA MESSIAS;T33401;4;NOITE  ;75;3ª TOTALIDADE;11;EDUCACAO FISICA;14/06/21;30/06/21;5;140;0;25;40;205
13;51772;19;2021;EFETIVO;PROFESSOR LICENCIADO PLENO;9;EMEF BENVINDA DE FRANCA MESSIAS;T22401;4;NOITE  ;58;2ª TOTALIDADE;11;EDUCACAO FISICA;14/06/21;30/06/21;10;130;0;25;30;185
14;51772;19;2021;EFETIVO;PROFESSOR LICENCIADO PLENO;9;EMEF BENVINDA DE FRANCA MESSIAS;T22401;4;NOITE  ;58;2ª TOTALIDADE;11;EDUCACAO FISICA;14/06/21;30/06/21;10;140;0;25;40;205
15;51772;19;2021;EFETIVO;PROFESSOR LICENCIADO PLENO;9;EMEF BENVINDA DE FRANCA MESSIAS;T11401;4;NOITE  ;57;1ª TOTALIDADE;11;EDUCACAO FISICA;14/06/21;30/06/21;10;130;0;25;30;185
16;51772;19;2021;EFETIVO;PROFESSOR LICENCIADO PLENO;9;EMEF BENVINDA DE FRANCA MESSIAS;T11401;4;NOITE  ;57;1ª TOTALIDADE;11;EDUCACAO FISICA;14/06/21;30/06/21;10;140;0;25;40;205
17;26220;16;2021;EFETIVO;PROFESSOR LICENCIADO PLENO;49;EMEF PARQUE AMAZONIA;C42301;3;TARDE  ;20;CICLO IV  -  2º ANO;3;HISTORIA;01/12/21;30/12/21;15;90;0;25;20;135
18;26220;16;2021;EFETIVO;PROFESSOR LICENCIADO PLENO;49;EMEF PARQUE AMAZONIA;C42301;3;TARDE  ;20;CICLO IV  -  2º ANO;3;HISTORIA;01/12/21;30/12/21;15;125;0;25;30;180
19;180122;10;2021;EFETIVO;PROFESSOR LICENCIADO PLENO;32;EMEF MARIA LUIZA PINTO AMARAL;T44403;4;NOITE  ;76;4ª TOTALIDADE;3;HISTORIA;25/10/21;23/12/21;15;135;0;25;40;200
20;180122;10;2021;EFETIVO;PROFESSOR LICENCIADO PLENO;32;EMEF MARIA LUIZA PINTO AMARAL;T44402;4;NOITE  ;76;4ª TOTALIDADE;3;HISTORIA;25/10/21;23/12/21;15;135;0;25;40;200
21;180122;10;2021;EFETIVO;PROFESSOR LICENCIADO PLENO;32;EMEF MARIA LUIZA PINTO AMARAL;T44401;4;NOITE  ;76;4ª TOTALIDADE;3;HISTORIA;25/10/21;23/12/21;15;135;0;25;40;200
22;185388;19;2021;EFETIVO;PROFESSOR LICENCIADO PLENO;26;EMEF JOAO NELSON RIBEIRO;T44402;4;NOITE  ;76;4ª TOTALIDADE;4;GEOGRAFIA;02/08/21;30/12/21;20;165;0;25;40;230
23;185388;19;2021;EFETIVO;PROFESSOR LICENCIADO PLENO;26;EMEF JOAO NELSON RIBEIRO;T44401;4;NOITE  ;76;4ª TOTALIDADE;4;GEOGRAFIA;02/08/21;30/12/21;20;165;0;25;40;230
24;185388;19;2021;EFETIVO;PROFESSOR LICENCIADO PLENO;26;EMEF JOAO NELSON RIBEIRO;T44402;4;NOITE  ;76;4ª TOTALIDADE;4;GEOGRAFIA;23/06/21;30/06/21;20;165;0;25;40;230
25;185388;19;2021;EFETIVO;PROFESSOR LICENCIADO PLENO;26;EMEF JOAO NELSON RIBEIRO;T44401;4;NOITE  ;76;4ª TOTALIDADE;4;GEOGRAFIA;23/06/21;30/06/21;20;165;0;25;40;230
26;185388;19;2021;EFETIVO;PROFESSOR LICENCIADO PLENO;26;EMEF JOAO NELSON RIBEIRO;T44402;4;NOITE  ;76;4ª TOTALIDADE;4;GEOGRAFIA;27/04/21;22/06/21;20;165;0;25;40;230
27;185388;19;2021;EFETIVO;PROFESSOR LICENCIADO PLENO;26;EMEF JOAO NELSON RIBEIRO;T44401;4;NOITE  ;76;4ª TOTALIDADE;4;GEOGRAFIA;27/04/21;22/06/21;20;165;0;25;40;230
28;347515;10;2021;EFETIVO;PROFESSOR LICENCIADO PLENO;465;EMEI CANTO DO UIRAPURU;M22502;5;TEMPO INTEGRAL;70;MATERNAL II;16;EDUC GERAL INFANTIL;29/04/21;30/06/21;100;150;0;25;40;215
29;347515;10;2021;EFETIVO;PROFESSOR LICENCIADO PLENO;465;EMEI CANTO DO UIRAPURU;M22502;5;TEMPO INTEGRAL;70;MATERNAL II;16;EDUC GERAL INFANTIL;02/08/21;30/12/21;100;150;0;25;40;215
30;351415;17;2021;EFETIVO;PROFESSOR LICENCIADO PLENO;31;EMEF PADRE LEANDRO PINHEIRO;T22401;4;NOITE  ;58;2ª TOTALIDADE;17;EDUC GERAL FUNDAMENTAL;28/09/21;30/12/21;100;200;0;25;40;265
31;348490;11;2021;EFETIVO;PROFESSOR LICENCIADO PLENO;473;EMEI PROFA ELVIRA SACRAMENTO DE QUADROS;J11302;3;TARDE  ;67;JARDIM I;16;EDUC GERAL INFANTIL;02/08/21;30/12/21;100;200;0;25;40;265
32;348490;11;2021;EFETIVO;PROFESSOR LICENCIADO PLENO;473;EMEI PROFA ELVIRA SACRAMENTO DE QUADROS;J11302;3;TARDE  ;67;JARDIM I;16;EDUC GERAL INFANTIL;10/05/21;30/06/21;100;200;0;25;40;265
33;372749;11;2021;EFETIVO;PROFESSOR LICENCIADO PLENO;131;UEI IZA CUNHA;M11501;5;TEMPO INTEGRAL;55;MATERNAL I;16;EDUC GERAL INFANTIL;02/08/21;30/12/21;100;150;0;25;40;215
34;372749;11;2021;EFETIVO;PROFESSOR LICENCIADO PLENO;131;UEI IZA CUNHA;M11501;5;TEMPO INTEGRAL;55;MATERNAL I;16;EDUC GERAL INFANTIL;12/04/21;30/06/21;100;150;0;25;40;215
35;371351;14;2021;EFETIVO;PROFESSOR LICENCIADO PLENO;473;EMEI PROFA ELVIRA SACRAMENTO DE QUADROS;M22501;5;TEMPO INTEGRAL;70;MATERNAL II;16;EDUC GERAL INFANTIL;27/01/22;26/04/22;100;150;0;25;40;215
36;372420;10;2021;EFETIVO;PROFESSOR LICENCIADO PLENO;20;EMEIF REMIGIO FERNANDEZ;C32102;1;MANHA;18;CICLO III  -  2º ANO;19;INGLES;01/05/21;01/11/21;10;200;0;25;40;265
37;372420;10;2021;EFETIVO;PROFESSOR LICENCIADO PLENO;20;EMEIF REMIGIO FERNANDEZ;C32102;1;MANHA;18;CICLO III  -  2º ANO;19;INGLES;02/11/21;30/12/21;10;200;0;25;40;265
38;375721;10;2021;EFETIVO;PROFESSOR LICENCIADO PLENO;244;ANEXO FLORESTAN FERNANDES DA EMEIF FLORESTAN FERNANDES;C13102;1;MANHA;14;CICLO I  -  3º ANO;10;ED ARTISTICA;06/10/21;30/12/21;10;180;0;25;40;245
39;375721;10;2021;EFETIVO;PROFESSOR LICENCIADO PLENO;244;ANEXO FLORESTAN FERNANDES DA EMEIF FLORESTAN FERNANDES;C12101;1;MANHA;13;CICLO I  -  2º ANO;10;ED ARTISTICA;06/10/21;30/12/21;10;180;0;25;40;245
40;348228;15;2021;EFETIVO;PROFESSOR LICENCIADO PLENO;418;EMEIF DE EDUC DO CAMPO MARIA MADALENA TRAVASSOS;J11501;5;TEMPO INTEGRAL;67;JARDIM I;16;EDUC GERAL INFANTIL;02/08/21;30/12/21;100;200;0;25;40;265
41;348228;15;2021;EFETIVO;PROFESSOR LICENCIADO PLENO;418;EMEIF DE EDUC DO CAMPO MARIA MADALENA TRAVASSOS;J11501;5;TEMPO INTEGRAL;67;JARDIM I;16;EDUC GERAL INFANTIL;02/08/21;30/12/21;100;200;0;25;40;265
42;372820;18;2021;EFETIVO;PROFESSOR LICENCIADO PLENO;126;UEI SANTA ROSA;M22502;5;TEMPO INTEGRAL;56;MATERNAL II;16;EDUC GERAL INFANTIL;09/06/21;30/12/21;100;150;0;25;40;215
43;410896;12;2021;EFETIVO;PROFESSOR LICENCIADO PLENO;17;EMEF MAROJA NETO;C32302;3;TARDE  ;18;CICLO III  -  2º ANO;1;PORTUGUES;18/11/21;30/12/21;25;150;0;25;40;215
44;421472;14;2021;EFETIVO;PROFESSOR LICENCIADO PLENO;43;EMEF WALTER LEITE CAMINHA;C42302;3;TARDE  ;20;CICLO IV  -  2º ANO;7;CIENCIAS FISICAS E BIOLOGICAS PARA SAÚDE;01/11/21;30/12/21;15;165;0;25;40;230
45;421472;14;2021;EFETIVO;PROFESSOR LICENCIADO PLENO;43;EMEF WALTER LEITE CAMINHA;C41304;3;TARDE  ;19;CICLO IV  -  1º ANO;7;CIENCIAS FISICAS E BIOLOGICAS PARA SAÚDE;06/04/22;23/04/22;15;165;0;25;40;230
46;421472;14;2021;EFETIVO;PROFESSOR LICENCIADO PLENO;43;EMEF WALTER LEITE CAMINHA;C41303;3;TARDE  ;19;CICLO IV  -  1º ANO;7;CIENCIAS FISICAS E BIOLOGICAS PARA SAÚDE;01/11/21;30/12/21;15;165;0;25;40;230
47;422096;16;2021;EFETIVO;PROFESSOR LICENCIADO PLENO;140;EMEI ERE;M11501;5;TEMPO INTEGRAL;55;MATERNAL I;16;EDUC GERAL INFANTIL;12/04/21;30/12/21;100;150;0;25;40;215
48;348554;10;2021;EFETIVO;PROFESSOR LICENCIADO PLENO;678;EMEI PROFA CIRIA DE NAZARE TULOSA DOS SANTOS;M22502;5;TEMPO INTEGRAL;70;MATERNAL II;16;EDUC GERAL INFANTIL;13/09/21;30/12/21;100;200;0;25;40;265
49;348554;10;2021;EFETIVO;PROFESSOR LICENCIADO PLENO;678;EMEI PROFA CIRIA DE NAZARE TULOSA DOS SANTOS;M22502;5;TEMPO INTEGRAL;70;MATERNAL II;16;EDUC GERAL INFANTIL;13/09/21;30/12/21;100;150;0;25;40;215
50;371467;12;2021;EFETIVO;PROFESSOR LICENCIADO PLENO;137;EMEIF FLORESTAN FERNANDES;C32303;3;TARDE  ;18;CICLO III  -  2º ANO;3;HISTORIA;01/12/21;30/12/21;20;185;0;25;40;250
51;371467;12;2021;EFETIVO;PROFESSOR LICENCIADO PLENO;137;EMEIF FLORESTAN FERNANDES;C32302;3;TARDE  ;18;CICLO III  -  2º ANO;3;HISTORIA;01/12/21;30/12/21;20;185;0;25;40;250
52;422185;19;2021;EFETIVO;PROFESSOR LICENCIADO PLENO;678;EMEI PROFA CIRIA DE NAZARE TULOSA DOS SANTOS;M22503;5;TEMPO INTEGRAL;70;MATERNAL II;16;EDUC GERAL INFANTIL;11/06/21;30/12/21;100;150;0;25;40;215
53;1964755;15;2021;EFETIVO;PROFESSOR LICENCIADO PLENO;176;EMEF COMANDANTE KLAUTAU;T11401;4;NOITE  ;57;1ª TOTALIDADE;11;EDUCACAO FISICA;30/08/21;30/12/21;10;170;0;25;40;235
54;1964755;15;2021;EFETIVO;PROFESSOR LICENCIADO PLENO;176;EMEF COMANDANTE KLAUTAU;T11401;4;NOITE  ;57;1ª TOTALIDADE;11;EDUCACAO FISICA;30/08/21;30/12/21;10;190;0;25;40;255
55;1964755;15;2021;EFETIVO;PROFESSOR LICENCIADO PLENO;176;EMEF COMANDANTE KLAUTAU;T22401;4;NOITE  ;58;2ª TOTALIDADE;11;EDUCACAO FISICA;30/08/21;30/12/21;10;170;0;25;40;235
56;1964755;15;2021;EFETIVO;PROFESSOR LICENCIADO PLENO;176;EMEF COMANDANTE KLAUTAU;T22401;4;NOITE  ;58;2ª TOTALIDADE;11;EDUCACAO FISICA;30/08/21;30/12/21;10;190;0;25;40;255
57;1964755;15;2021;EFETIVO;PROFESSOR LICENCIADO PLENO;176;EMEF COMANDANTE KLAUTAU;T11402;4;NOITE  ;57;1ª TOTALIDADE;11;EDUCACAO FISICA;30/08/21;30/12/21;10;170;0;25;40;235
58;1964755;15;2021;EFETIVO;PROFESSOR LICENCIADO PLENO;176;EMEF COMANDANTE KLAUTAU;T11402;4;NOITE  ;57;1ª TOTALIDADE;11;EDUCACAO FISICA;30/08/21;30/12/21;10;190;0;25;40;255
59;1964755;15;2021;EFETIVO;PROFESSOR LICENCIADO PLENO;176;EMEF COMANDANTE KLAUTAU;T22401;4;NOITE  ;58;2ª TOTALIDADE;11;EDUCACAO FISICA;02/08/21;29/08/21;10;170;0;25;40;235
60;1964755;15;2021;EFETIVO;PROFESSOR LICENCIADO PLENO;176;EMEF COMANDANTE KLAUTAU;T22401;4;NOITE  ;58;2ª TOTALIDADE;11;EDUCACAO FISICA;02/08/21;29/08/21;10;190;0;25;40;255
61;1964755;15;2021;EFETIVO;PROFESSOR LICENCIADO PLENO;176;EMEF COMANDANTE KLAUTAU;T11402;4;NOITE  ;57;1ª TOTALIDADE;11;EDUCACAO FISICA;02/08/21;29/08/21;10;170;0;25;40;235
62;1964755;15;2021;EFETIVO;PROFESSOR LICENCIADO PLENO;176;EMEF COMANDANTE KLAUTAU;T11402;4;NOITE  ;57;1ª TOTALIDADE;11;EDUCACAO FISICA;02/08/21;29/08/21;10;190;0;25;40;255
63;1964755;15;2021;EFETIVO;PROFESSOR LICENCIADO PLENO;176;EMEF COMANDANTE KLAUTAU;T11401;4;NOITE  ;57;1ª TOTALIDADE;11;EDUCACAO FISICA;02/08/21;29/08/21;10;170;0;25;40;235
64;1964755;15;2021;EFETIVO;PROFESSOR LICENCIADO PLENO;176;EMEF COMANDANTE KLAUTAU;T11401;4;NOITE  ;57;1ª TOTALIDADE;11;EDUCACAO FISICA;02/08/21;29/08/21;10;190;0;25;40;255
65;1964755;15;2021;EFETIVO;PROFESSOR LICENCIADO PLENO;176;EMEF COMANDANTE KLAUTAU;T22401;4;NOITE  ;58;2ª TOTALIDADE;11;EDUCACAO FISICA;09/06/21;30/06/21;10;170;0;25;40;235
66;1964755;15;2021;EFETIVO;PROFESSOR LICENCIADO PLENO;176;EMEF COMANDANTE KLAUTAU;T22401;4;NOITE  ;58;2ª TOTALIDADE;11;EDUCACAO FISICA;09/06/21;30/06/21;10;190;0;25;40;255
67;1964755;15;2021;EFETIVO;PROFESSOR LICENCIADO PLENO;176;EMEF COMANDANTE KLAUTAU;T11402;4;NOITE  ;57;1ª TOTALIDADE;11;EDUCACAO FISICA;09/06/21;30/06/21;10;170;0;25;40;235
68;1964755;15;2021;EFETIVO;PROFESSOR LICENCIADO PLENO;176;EMEF COMANDANTE KLAUTAU;T11402;4;NOITE  ;57;1ª TOTALIDADE;11;EDUCACAO FISICA;09/06/21;30/06/21;10;190;0;25;40;255
69;1964755;15;2021;EFETIVO;PROFESSOR LICENCIADO PLENO;176;EMEF COMANDANTE KLAUTAU;T11401;4;NOITE  ;57;1ª TOTALIDADE;11;EDUCACAO FISICA;09/06/21;30/06/21;10;170;0;25;40;235
70;1964755;15;2021;EFETIVO;PROFESSOR LICENCIADO PLENO;176;EMEF COMANDANTE KLAUTAU;T11401;4;NOITE  ;57;1ª TOTALIDADE;11;EDUCACAO FISICA;09/06/21;30/06/21;10;190;0;25;40;255
71;348279;19;2021;EFETIVO;PROFESSOR LICENCIADO PLENO;418;EMEIF DE EDUC DO CAMPO MARIA MADALENA TRAVASSOS;J22501;5;TEMPO INTEGRAL;69;JARDIM II;16;EDUC GERAL INFANTIL;02/08/21;30/12/21;100;200;0;25;40;265
72;348279;19;2021;EFETIVO;PROFESSOR LICENCIADO PLENO;418;EMEIF DE EDUC DO CAMPO MARIA MADALENA TRAVASSOS;J22501;5;TEMPO INTEGRAL;69;JARDIM II;16;EDUC GERAL INFANTIL;02/08/21;30/12/21;100;200;0;25;40;265
73;247111;15;2021;EFETIVO;PROFESSOR LICENCIADO PLENO;20;EMEIF REMIGIO FERNANDEZ;C42202;2;INTERMEDIÁRIO ;20;CICLO IV  -  2º ANO;19;INGLES;01/05/21;01/11/21;10;125;0;25;30;180
74;247111;15;2021;EFETIVO;PROFESSOR LICENCIADO PLENO;20;EMEIF REMIGIO FERNANDEZ;C42202;2;INTERMEDIÁRIO ;20;CICLO IV  -  2º ANO;19;INGLES;01/05/21;01/11/21;10;145;0;25;40;210
75;247111;15;2021;EFETIVO;PROFESSOR LICENCIADO PLENO;20;EMEIF REMIGIO FERNANDEZ;C42201;2;INTERMEDIÁRIO ;20;CICLO IV  -  2º ANO;19;INGLES;01/05/21;01/11/21;10;125;0;25;30;180
76;247111;15;2021;EFETIVO;PROFESSOR LICENCIADO PLENO;20;EMEIF REMIGIO FERNANDEZ;C42201;2;INTERMEDIÁRIO ;20;CICLO IV  -  2º ANO;19;INGLES;01/05/21;01/11/21;10;145;0;25;40;210
77;247111;15;2021;EFETIVO;PROFESSOR LICENCIADO PLENO;20;EMEIF REMIGIO FERNANDEZ;C41202;2;INTERMEDIÁRIO ;19;CICLO IV  -  1º ANO;19;INGLES;01/05/21;01/11/21;10;125;0;25;30;180
78;247111;15;2021;EFETIVO;PROFESSOR LICENCIADO PLENO;20;EMEIF REMIGIO FERNANDEZ;C41202;2;INTERMEDIÁRIO ;19;CICLO IV  -  1º ANO;19;INGLES;01/05/21;01/11/21;10;145;0;25;40;210
79;247111;15;2021;EFETIVO;PROFESSOR LICENCIADO PLENO;20;EMEIF REMIGIO FERNANDEZ;C32203;2;INTERMEDIÁRIO ;18;CICLO III  -  2º ANO;19;INGLES;01/05/21;01/11/21;10;125;0;25;30;180
80;247111;15;2021;EFETIVO;PROFESSOR LICENCIADO PLENO;20;EMEIF REMIGIO FERNANDEZ;C32203;2;INTERMEDIÁRIO ;18;CICLO III  -  2º ANO;19;INGLES;01/05/21;01/11/21;10;145;0;25;40;210
81;247111;15;2021;EFETIVO;PROFESSOR LICENCIADO PLENO;20;EMEIF REMIGIO FERNANDEZ;C31203;2;INTERMEDIÁRIO ;17;CICLO III  -  1º ANO;19;INGLES;01/05/21;01/11/21;10;125;0;25;30;180
82;247111;15;2021;EFETIVO;PROFESSOR LICENCIADO PLENO;20;EMEIF REMIGIO FERNANDEZ;C31203;2;INTERMEDIÁRIO ;17;CICLO III  -  1º ANO;19;INGLES;01/05/21;01/11/21;10;145;0;25;40;210
83;247111;15;2021;EFETIVO;PROFESSOR LICENCIADO PLENO;20;EMEIF REMIGIO FERNANDEZ;C42202;2;INTERMEDIÁRIO ;20;CICLO IV  -  2º ANO;19;INGLES;01/10/21;01/11/21;10;125;0;25;30;180
84;247111;15;2021;EFETIVO;PROFESSOR LICENCIADO PLENO;20;EMEIF REMIGIO FERNANDEZ;C42202;2;INTERMEDIÁRIO ;20;CICLO IV  -  2º ANO;19;INGLES;01/10/21;01/11/21;10;145;0;25;40;210
85;247111;15;2021;EFETIVO;PROFESSOR LICENCIADO PLENO;20;EMEIF REMIGIO FERNANDEZ;C42201;2;INTERMEDIÁRIO ;20;CICLO IV  -  2º ANO;19;INGLES;01/10/21;01/11/21;10;125;0;25;30;180
86;247111;15;2021;EFETIVO;PROFESSOR LICENCIADO PLENO;20;EMEIF REMIGIO FERNANDEZ;C42201;2;INTERMEDIÁRIO ;20;CICLO IV  -  2º ANO;19;INGLES;01/10/21;01/11/21;10;145;0;25;40;210
87;247111;15;2021;EFETIVO;PROFESSOR LICENCIADO PLENO;20;EMEIF REMIGIO FERNANDEZ;C41202;2;INTERMEDIÁRIO ;19;CICLO IV  -  1º ANO;19;INGLES;01/10/21;01/11/21;10;125;0;25;30;180
88;247111;15;2021;EFETIVO;PROFESSOR LICENCIADO PLENO;20;EMEIF REMIGIO FERNANDEZ;C41202;2;INTERMEDIÁRIO ;19;CICLO IV  -  1º ANO;19;INGLES;01/10/21;01/11/21;10;145;0;25;40;210
89;247111;15;2021;EFETIVO;PROFESSOR LICENCIADO PLENO;20;EMEIF REMIGIO FERNANDEZ;C32203;2;INTERMEDIÁRIO ;18;CICLO III  -  2º ANO;19;INGLES;01/10/21;01/11/21;10;125;0;25;30;180
90;247111;15;2021;EFETIVO;PROFESSOR LICENCIADO PLENO;20;EMEIF REMIGIO FERNANDEZ;C32203;2;INTERMEDIÁRIO ;18;CICLO III  -  2º ANO;19;INGLES;01/10/21;01/11/21;10;145;0;25;40;210
91;247111;15;2021;EFETIVO;PROFESSOR LICENCIADO PLENO;20;EMEIF REMIGIO FERNANDEZ;C31203;2;INTERMEDIÁRIO ;17;CICLO III  -  1º ANO;19;INGLES;01/10/21;01/11/21;10;125;0;25;30;180
92;247111;15;2021;EFETIVO;PROFESSOR LICENCIADO PLENO;20;EMEIF REMIGIO FERNANDEZ;C31203;2;INTERMEDIÁRIO ;17;CICLO III  -  1º ANO;19;INGLES;01/10/21;01/11/21;10;145;0;25;40;210
93;247111;15;2021;EFETIVO;PROFESSOR LICENCIADO PLENO;20;EMEIF REMIGIO FERNANDEZ;C31101;1;MANHA;17;CICLO III  -  1º ANO;19;INGLES;01/10/21;01/11/21;10;125;0;25;30;180
94;247111;15;2021;EFETIVO;PROFESSOR LICENCIADO PLENO;20;EMEIF REMIGIO FERNANDEZ;C31101;1;MANHA;17;CICLO III  -  1º ANO;19;INGLES;01/10/21;01/11/21;10;145;0;25;40;210
95;1842366;14;2021;EFETIVO;PROFESSOR LICENCIADO PLENO;12;EMEF PROF IDA OLIVEIRA;T33401;4;NOITE  ;75;3ª TOTALIDADE;4;GEOGRAFIA;19/11/21;30/12/21;15;180;0;25;40;245
96;1964747;12;2021;EFETIVO;PROFESSOR LICENCIADO PLENO;43;EMEF WALTER LEITE CAMINHA;C32301;3;TARDE  ;18;CICLO III  -  2º ANO;11;EDUCACAO FISICA;01/11/21;30/12/21;10;145;50;25;40;260
97;1964747;12;2021;EFETIVO;PROFESSOR LICENCIADO PLENO;43;EMEF WALTER LEITE CAMINHA;C32301;3;TARDE  ;18;CICLO III  -  2º ANO;11;EDUCACAO FISICA;01/11/21;30/12/21;10;150;50;25;40;265
98;1964747;12;2021;EFETIVO;PROFESSOR LICENCIADO PLENO;43;EMEF WALTER LEITE CAMINHA;C31302;3;TARDE  ;17;CICLO III  -  1º ANO;11;EDUCACAO FISICA;01/11/21;30/12/21;10;145;50;25;40;260
99;1964747;12;2021;EFETIVO;PROFESSOR LICENCIADO PLENO;43;EMEF WALTER LEITE CAMINHA;C31302;3;TARDE  ;17;CICLO III  -  1º ANO;11;EDUCACAO FISICA;01/11/21;30/12/21;10;150;50;25;40;265
100;1964747;12;2021;EFETIVO;PROFESSOR LICENCIADO PLENO;43;EMEF WALTER LEITE CAMINHA;C31301;3;TARDE  ;17;CICLO III  -  1º ANO;11;EDUCACAO FISICA;01/11/21;30/12/21;10;145;50;25;40;260
101;1964747;12;2021;EFETIVO;PROFESSOR LICENCIADO PLENO;43;EMEF WALTER LEITE CAMINHA;C31301;3;TARDE  ;17;CICLO III  -  1º ANO;11;EDUCACAO FISICA;01/11/21;30/12/21;10;150;50;25;40;265
102;422525;14;2021;EFETIVO;PROFESSOR LICENCIADO PLENO;43;EMEF WALTER LEITE CAMINHA;C21101;1;MANHA;15;CICLO II  -  1º ANO;10;ED ARTISTICA;18/11/21;30/12/21;10;200;0;25;40;265
103;422525;14;2021;EFETIVO;PROFESSOR LICENCIADO PLENO;43;EMEF WALTER LEITE CAMINHA;C21101;1;MANHA;15;CICLO II  -  1º ANO;10;ED ARTISTICA;18/11/21;30/12/21;10;210;0;25;40;275
104;1981951;13;2021;EFETIVO;PROFESSOR LICENCIADO PLENO;24;EMEIF ALZIRA PERNAMBUCO;C42101;1;MANHA;20;CICLO IV  -  2º ANO;19;INGLES;20/04/21;03/08/21;10;130;0;25;30;185
105;1981951;13;2021;EFETIVO;PROFESSOR LICENCIADO PLENO;24;EMEIF ALZIRA PERNAMBUCO;C42101;1;MANHA;20;CICLO IV  -  2º ANO;19;INGLES;20/04/21;03/08/21;10;70;0;0;0;70
106;1981951;13;2021;EFETIVO;PROFESSOR LICENCIADO PLENO;24;EMEIF ALZIRA PERNAMBUCO;C42101;1;MANHA;20;CICLO IV  -  2º ANO;19;INGLES;20/04/21;03/08/21;10;80;0;25;20;125
107;1981951;13;2021;EFETIVO;PROFESSOR LICENCIADO PLENO;24;EMEIF ALZIRA PERNAMBUCO;C41102;1;MANHA;19;CICLO IV  -  1º ANO;19;INGLES;20/04/21;03/08/21;10;130;0;25;30;185
108;1981951;13;2021;EFETIVO;PROFESSOR LICENCIADO PLENO;24;EMEIF ALZIRA PERNAMBUCO;C41102;1;MANHA;19;CICLO IV  -  1º ANO;19;INGLES;20/04/21;03/08/21;10;70;0;0;0;70
109;1981951;13;2021;EFETIVO;PROFESSOR LICENCIADO PLENO;24;EMEIF ALZIRA PERNAMBUCO;C41102;1;MANHA;19;CICLO IV  -  1º ANO;19;INGLES;20/04/21;03/08/21;10;80;0;25;20;125
110;1981951;13;2021;EFETIVO;PROFESSOR LICENCIADO PLENO;24;EMEIF ALZIRA PERNAMBUCO;C41101;1;MANHA;19;CICLO IV  -  1º ANO;19;INGLES;20/04/21;03/08/21;10;130;0;25;30;185
111;1981951;13;2021;EFETIVO;PROFESSOR LICENCIADO PLENO;24;EMEIF ALZIRA PERNAMBUCO;C41101;1;MANHA;19;CICLO IV  -  1º ANO;19;INGLES;20/04/21;03/08/21;10;70;0;0;0;70
112;1981951;13;2021;EFETIVO;PROFESSOR LICENCIADO PLENO;24;EMEIF ALZIRA PERNAMBUCO;C41101;1;MANHA;19;CICLO IV  -  1º ANO;19;INGLES;20/04/21;03/08/21;10;80;0;25;20;125
113;1981951;13;2021;EFETIVO;PROFESSOR LICENCIADO PLENO;24;EMEIF ALZIRA PERNAMBUCO;C32102;1;MANHA;18;CICLO III  -  2º ANO;19;INGLES;20/04/21;03/08/21;10;130;0;25;30;185
114;1981951;13;2021;EFETIVO;PROFESSOR LICENCIADO PLENO;24;EMEIF ALZIRA PERNAMBUCO;C32102;1;MANHA;18;CICLO III  -  2º ANO;19;INGLES;20/04/21;03/08/21;10;70;0;0;0;70
115;1981951;13;2021;EFETIVO;PROFESSOR LICENCIADO PLENO;24;EMEIF ALZIRA PERNAMBUCO;C32102;1;MANHA;18;CICLO III  -  2º ANO;19;INGLES;20/04/21;03/08/21;10;80;0;25;20;125
116;1981951;13;2021;EFETIVO;PROFESSOR LICENCIADO PLENO;24;EMEIF ALZIRA PERNAMBUCO;C31102;1;MANHA;17;CICLO III  -  1º ANO;19;INGLES;20/04/21;03/08/21;10;130;0;25;30;185
117;1981951;13;2021;EFETIVO;PROFESSOR LICENCIADO PLENO;24;EMEIF ALZIRA PERNAMBUCO;C31102;1;MANHA;17;CICLO III  -  1º ANO;19;INGLES;20/04/21;03/08/21;10;70;0;0;0;70
118;1981951;13;2021;EFETIVO;PROFESSOR LICENCIADO PLENO;24;EMEIF ALZIRA PERNAMBUCO;C31102;1;MANHA;17;CICLO III  -  1º ANO;19;INGLES;20/04/21;03/08/21;10;80;0;25;20;125
119;1981951;13;2021;EFETIVO;PROFESSOR LICENCIADO PLENO;24;EMEIF ALZIRA PERNAMBUCO;C31101;1;MANHA;17;CICLO III  -  1º ANO;19;INGLES;20/04/21;03/08/21;10;130;0;25;30;185
120;1981951;13;2021;EFETIVO;PROFESSOR LICENCIADO PLENO;24;EMEIF ALZIRA PERNAMBUCO;C31101;1;MANHA;17;CICLO III  -  1º ANO;19;INGLES;20/04/21;03/08/21;10;70;0;0;0;70
121;1981951;13;2021;EFETIVO;PROFESSOR LICENCIADO PLENO;24;EMEIF ALZIRA PERNAMBUCO;C31101;1;MANHA;17;CICLO III  -  1º ANO;19;INGLES;20/04/21;03/08/21;10;80;0;25;20;125
122;209210;28;2021;PSS;PROFESSOR SUBSTITUTO;31;EMEF PADRE LEANDRO PINHEIRO;T22401;4;NOITE  ;58;2ª TOTALIDADE;17;EDUC GERAL FUNDAMENTAL;12/04/21;31/07/21;100;0;0;0;0;100
123;209210;28;2021;PSS;PROFESSOR SUBSTITUTO;31;EMEF PADRE LEANDRO PINHEIRO;T22401;4;NOITE  ;58;2ª TOTALIDADE;17;EDUC GERAL FUNDAMENTAL;12/04/21;31/07/21;100;0;0;0;0;100
124;209210;28;2021;PSS;PROFESSOR SUBSTITUTO;31;EMEF PADRE LEANDRO PINHEIRO;T22401;4;NOITE  ;58;2ª TOTALIDADE;17;EDUC GERAL FUNDAMENTAL;12/04/21;31/07/21;100;0;0;0;0;100
125;209210;28;2021;PSS;PROFESSOR SUBSTITUTO;31;EMEF PADRE LEANDRO PINHEIRO;T22401;4;NOITE  ;58;2ª TOTALIDADE;17;EDUC GERAL FUNDAMENTAL;12/04/21;31/07/21;100;0;0;0;0;60
126;209210;28;2021;PSS;PROFESSOR SUBSTITUTO;31;EMEF PADRE LEANDRO PINHEIRO;T22401;4;NOITE  ;58;2ª TOTALIDADE;17;EDUC GERAL FUNDAMENTAL;12/04/21;31/07/21;100;0;0;0;0;60
127;487589;17;2021;PSS;PROFESSOR SUBSTITUTO;2;EMEF ALFREDO CHAVES;C22304;3;TARDE  ;16;CICLO II  -  2º ANO;17;EDUC GERAL FUNDAMENTAL;12/04/21;30/06/21;100;100;0;0;0;100
128;487589;17;2021;PSS;PROFESSOR SUBSTITUTO;2;EMEF ALFREDO CHAVES;C22304;3;TARDE  ;16;CICLO II  -  2º ANO;17;EDUC GERAL FUNDAMENTAL;12/04/21;30/06/21;100;100;0;0;0;200
129;487589;17;2021;PSS;PROFESSOR SUBSTITUTO;2;EMEF ALFREDO CHAVES;C22304;3;TARDE  ;16;CICLO II  -  2º ANO;17;EDUC GERAL FUNDAMENTAL;12/04/21;30/06/21;100;100;0;0;0;100
130;487589;17;2021;PSS;PROFESSOR SUBSTITUTO;2;EMEF ALFREDO CHAVES;C22304;3;TARDE  ;16;CICLO II  -  2º ANO;17;EDUC GERAL FUNDAMENTAL;12/04/21;30/06/21;100;100;0;0;0;100
131;461555;26;2021;PSS;PROFESSOR SUBSTITUTO;3;EMEIF ALMERINDO TRINDADE;J11302;3;TARDE  ;67;JARDIM I;16;EDUC GERAL INFANTIL;08/06/21;14/07/21;100;100;0;0;0;100
132;461555;26;2021;PSS;PROFESSOR SUBSTITUTO;3;EMEIF ALMERINDO TRINDADE;J11302;3;TARDE  ;67;JARDIM I;16;EDUC GERAL INFANTIL;08/06/21;14/07/21;100;100;0;0;0;200
133;461555;26;2021;PSS;PROFESSOR SUBSTITUTO;3;EMEIF ALMERINDO TRINDADE;J11302;3;TARDE  ;67;JARDIM I;16;EDUC GERAL INFANTIL;08/06/21;14/07/21;100;100;0;0;0;200
134;461555;26;2021;PSS;PROFESSOR SUBSTITUTO;3;EMEIF ALMERINDO TRINDADE;J11302;3;TARDE  ;67;JARDIM I;16;EDUC GERAL INFANTIL;08/06/21;14/07/21;100;200;0;0;0;200
135;461555;26;2021;PSS;PROFESSOR SUBSTITUTO;3;EMEIF ALMERINDO TRINDADE;J11302;3;TARDE  ;67;JARDIM I;16;EDUC GERAL INFANTIL;08/06/21;14/07/21;100;200;0;0;0;200
136;383155;29;2021;PSS;PROFESSOR SUBSTITUTO;7;EMEIF ANTONIO CARVALHO BRASIL;C13303;3;TARDE  ;14;CICLO I  -  3º ANO;17;EDUC GERAL FUNDAMENTAL;02/08/21;12/10/21;100;100;0;0;0;100
137;383155;29;2021;PSS;PROFESSOR SUBSTITUTO;7;EMEIF ANTONIO CARVALHO BRASIL;C13303;3;TARDE  ;14;CICLO I  -  3º ANO;17;EDUC GERAL FUNDAMENTAL;02/08/21;12/10/21;100;100;0;0;0;100
138;383155;29;2021;PSS;PROFESSOR SUBSTITUTO;7;EMEIF ANTONIO CARVALHO BRASIL;C13303;3;TARDE  ;14;CICLO I  -  3º ANO;17;EDUC GERAL FUNDAMENTAL;02/08/21;12/10/21;100;100;0;0;0;100
139;383155;29;2021;PSS;PROFESSOR SUBSTITUTO;7;EMEIF ANTONIO CARVALHO BRASIL;C13303;3;TARDE  ;14;CICLO I  -  3º ANO;17;EDUC GERAL FUNDAMENTAL;02/08/21;12/10/21;100;100;0;0;0;200
140;383155;29;2021;PSS;PROFESSOR SUBSTITUTO;7;EMEIF ANTONIO CARVALHO BRASIL;C13303;3;TARDE  ;14;CICLO I  -  3º ANO;17;EDUC GERAL FUNDAMENTAL;02/08/21;12/10/21;100;100;0;0;0;200
141;498530;19;2021;PSS;PROFESSOR SUBSTITUTO;3;EMEIF ALMERINDO TRINDADE;J11302;3;TARDE  ;67;JARDIM I;16;EDUC GERAL INFANTIL;18/10/21;15/12/21;100;200;0;0;0;200
142;498530;19;2021;PSS;PROFESSOR SUBSTITUTO;3;EMEIF ALMERINDO TRINDADE;J11302;3;TARDE  ;67;JARDIM I;16;EDUC GERAL INFANTIL;18/10/21;15/12/21;100;0;0;0;0;60
143;498530;19;2021;PSS;PROFESSOR SUBSTITUTO;3;EMEIF ALMERINDO TRINDADE;J11302;3;TARDE  ;67;JARDIM I;16;EDUC GERAL INFANTIL;18/10/21;15/12/21;100;0;0;0;0;200
144;498530;19;2021;PSS;PROFESSOR SUBSTITUTO;3;EMEIF ALMERINDO TRINDADE;J11302;3;TARDE  ;67;JARDIM I;16;EDUC GERAL INFANTIL;18/10/21;15/12/21;100;0;0;0;0;200
145;498530;19;2021;PSS;PROFESSOR SUBSTITUTO;3;EMEIF ALMERINDO TRINDADE;J11302;3;TARDE  ;67;JARDIM I;16;EDUC GERAL INFANTIL;18/10/21;15/12/21;100;0;0;0;0;200
146;498530;19;2021;PSS;PROFESSOR SUBSTITUTO;3;EMEIF ALMERINDO TRINDADE;C11102;1;MANHA;10;CICLO I  -  1º ANO;17;EDUC GERAL FUNDAMENTAL;18/10/21;15/12/21;100;200;0;0;0;200
147;498530;19;2021;PSS;PROFESSOR SUBSTITUTO;3;EMEIF ALMERINDO TRINDADE;C11102;1;MANHA;10;CICLO I  -  1º ANO;17;EDUC GERAL FUNDAMENTAL;18/10/21;15/12/21;100;0;0;0;0;60
148;498530;19;2021;PSS;PROFESSOR SUBSTITUTO;3;EMEIF ALMERINDO TRINDADE;C11102;1;MANHA;10;CICLO I  -  1º ANO;17;EDUC GERAL FUNDAMENTAL;18/10/21;15/12/21;100;0;0;0;0;200
149;498530;19;2021;PSS;PROFESSOR SUBSTITUTO;3;EMEIF ALMERINDO TRINDADE;C11102;1;MANHA;10;CICLO I  -  1º ANO;17;EDUC GERAL FUNDAMENTAL;18/10/21;15/12/21;100;0;0;0;0;200
150;498530;19;2021;PSS;PROFESSOR SUBSTITUTO;3;EMEIF ALMERINDO TRINDADE;C11102;1;MANHA;10;CICLO I  -  1º ANO;17;EDUC GERAL FUNDAMENTAL;18/10/21;15/12/21;100;0;0;0;0;200
151;498530;19;2021;PSS;PROFESSOR SUBSTITUTO;3;EMEIF ALMERINDO TRINDADE;C12303;3;TARDE  ;13;CICLO I  -  2º ANO;17;EDUC GERAL FUNDAMENTAL;17/06/21;14/10/21;100;200;0;0;0;200
152;498530;19;2021;PSS;PROFESSOR SUBSTITUTO;3;EMEIF ALMERINDO TRINDADE;C12303;3;TARDE  ;13;CICLO I  -  2º ANO;17;EDUC GERAL FUNDAMENTAL;17/06/21;14/10/21;100;0;0;0;0;60
153;498530;19;2021;PSS;PROFESSOR SUBSTITUTO;3;EMEIF ALMERINDO TRINDADE;C12303;3;TARDE  ;13;CICLO I  -  2º ANO;17;EDUC GERAL FUNDAMENTAL;17/06/21;14/10/21;100;0;0;0;0;200
154;498530;19;2021;PSS;PROFESSOR SUBSTITUTO;3;EMEIF ALMERINDO TRINDADE;C12303;3;TARDE  ;13;CICLO I  -  2º ANO;17;EDUC GERAL FUNDAMENTAL;17/06/21;14/10/21;100;0;0;0;0;200
155;498530;19;2021;PSS;PROFESSOR SUBSTITUTO;3;EMEIF ALMERINDO TRINDADE;C12303;3;TARDE  ;13;CICLO I  -  2º ANO;17;EDUC GERAL FUNDAMENTAL;17/06/21;14/10/21;100;0;0;0;0;200
156;498530;19;2021;PSS;PROFESSOR SUBSTITUTO;3;EMEIF ALMERINDO TRINDADE;C11101;1;MANHA;10;CICLO I  -  1º ANO;17;EDUC GERAL FUNDAMENTAL;17/06/21;14/10/21;100;200;0;0;0;200
157;498530;19;2021;PSS;PROFESSOR SUBSTITUTO;3;EMEIF ALMERINDO TRINDADE;C11101;1;MANHA;10;CICLO I  -  1º ANO;17;EDUC GERAL FUNDAMENTAL;17/06/21;14/10/21;100;0;0;0;0;60
158;498530;19;2021;PSS;PROFESSOR SUBSTITUTO;3;EMEIF ALMERINDO TRINDADE;C11101;1;MANHA;10;CICLO I  -  1º ANO;17;EDUC GERAL FUNDAMENTAL;17/06/21;14/10/21;100;0;0;0;0;200
159;498530;19;2021;PSS;PROFESSOR SUBSTITUTO;3;EMEIF ALMERINDO TRINDADE;C11101;1;MANHA;10;CICLO I  -  1º ANO;17;EDUC GERAL FUNDAMENTAL;17/06/21;14/10/21;100;0;0;0;0;200
160;498530;19;2021;PSS;PROFESSOR SUBSTITUTO;3;EMEIF ALMERINDO TRINDADE;C11101;1;MANHA;10;CICLO I  -  1º ANO;17;EDUC GERAL FUNDAMENTAL;17/06/21;14/10/21;100;0;0;0;0;200
161;498530;19;2021;PSS;PROFESSOR SUBSTITUTO;143;EMEIF JOSE ALVES CUNHA;C22302;3;TARDE  ;16;CICLO II  -  2º ANO;17;EDUC GERAL FUNDAMENTAL;21/12/21;31/12/21;100;200;0;0;0;200
162;498530;19;2021;PSS;PROFESSOR SUBSTITUTO;143;EMEIF JOSE ALVES CUNHA;C22302;3;TARDE  ;16;CICLO II  -  2º ANO;17;EDUC GERAL FUNDAMENTAL;21/12/21;31/12/21;100;0;0;0;0;60
163;498530;19;2021;PSS;PROFESSOR SUBSTITUTO;143;EMEIF JOSE ALVES CUNHA;C22302;3;TARDE  ;16;CICLO II  -  2º ANO;17;EDUC GERAL FUNDAMENTAL;21/12/21;31/12/21;100;0;0;0;0;200
164;498530;19;2021;PSS;PROFESSOR SUBSTITUTO;143;EMEIF JOSE ALVES CUNHA;C22302;3;TARDE  ;16;CICLO II  -  2º ANO;17;EDUC GERAL FUNDAMENTAL;21/12/21;31/12/21;100;0;0;0;0;200
165;498530;19;2021;PSS;PROFESSOR SUBSTITUTO;143;EMEIF JOSE ALVES CUNHA;C22302;3;TARDE  ;16;CICLO II  -  2º ANO;17;EDUC GERAL FUNDAMENTAL;21/12/21;31/12/21;100;0;0;0;0;200
166;498530;19;2021;PSS;PROFESSOR SUBSTITUTO;143;EMEIF JOSE ALVES CUNHA;C12102;1;MANHA;13;CICLO I  -  2º ANO;17;EDUC GERAL FUNDAMENTAL;21/12/21;31/12/21;100;200;0;0;0;200
167;498530;19;2021;PSS;PROFESSOR SUBSTITUTO;143;EMEIF JOSE ALVES CUNHA;C12102;1;MANHA;13;CICLO I  -  2º ANO;17;EDUC GERAL FUNDAMENTAL;21/12/21;31/12/21;100;0;0;0;0;60
168;498530;19;2021;PSS;PROFESSOR SUBSTITUTO;143;EMEIF JOSE ALVES CUNHA;C12102;1;MANHA;13;CICLO I  -  2º ANO;17;EDUC GERAL FUNDAMENTAL;21/12/21;31/12/21;100;0;0;0;0;200
169;498530;19;2021;PSS;PROFESSOR SUBSTITUTO;143;EMEIF JOSE ALVES CUNHA;C12102;1;MANHA;13;CICLO I  -  2º ANO;17;EDUC GERAL FUNDAMENTAL;21/12/21;31/12/21;100;0;0;0;0;200
170;498530;19;2021;PSS;PROFESSOR SUBSTITUTO;143;EMEIF JOSE ALVES CUNHA;C12102;1;MANHA;13;CICLO I  -  2º ANO;17;EDUC GERAL FUNDAMENTAL;21/12/21;31/12/21;100;0;0;0;0;200
171;498610;12;2021;PSS;PROFESSOR SUBSTITUTO;138;EMEF PAULO FREIRE;C12304;3;TARDE  ;13;CICLO I  -  2º ANO;17;EDUC GERAL FUNDAMENTAL;02/08/21;30/12/21;100;0;0;0;0;200
172;498610;12;2021;PSS;PROFESSOR SUBSTITUTO;138;EMEF PAULO FREIRE;C12304;3;TARDE  ;13;CICLO I  -  2º ANO;17;EDUC GERAL FUNDAMENTAL;02/08/21;30/12/21;100;0;0;0;0;200
173;498610;12;2021;PSS;PROFESSOR SUBSTITUTO;138;EMEF PAULO FREIRE;C12304;3;TARDE  ;13;CICLO I  -  2º ANO;17;EDUC GERAL FUNDAMENTAL;02/08/21;30/12/21;100;0;0;0;0;60
174;498610;12;2021;PSS;PROFESSOR SUBSTITUTO;138;EMEF PAULO FREIRE;C12304;3;TARDE  ;13;CICLO I  -  2º ANO;17;EDUC GERAL FUNDAMENTAL;02/08/21;30/12/21;100;0;0;0;0;200
175;498610;12;2021;PSS;PROFESSOR SUBSTITUTO;138;EMEF PAULO FREIRE;C12304;3;TARDE  ;13;CICLO I  -  2º ANO;17;EDUC GERAL FUNDAMENTAL;02/08/21;30/12/21;100;0;0;0;0;200
176;498610;12;2021;PSS;PROFESSOR SUBSTITUTO;138;EMEF PAULO FREIRE;C12102;1;MANHA;13;CICLO I  -  2º ANO;17;EDUC GERAL FUNDAMENTAL;02/08/21;30/12/21;100;0;0;0;0;200
177;498610;12;2021;PSS;PROFESSOR SUBSTITUTO;138;EMEF PAULO FREIRE;C12102;1;MANHA;13;CICLO I  -  2º ANO;17;EDUC GERAL FUNDAMENTAL;02/08/21;30/12/21;100;0;0;0;0;200
178;498610;12;2021;PSS;PROFESSOR SUBSTITUTO;138;EMEF PAULO FREIRE;C12102;1;MANHA;13;CICLO I  -  2º ANO;17;EDUC GERAL FUNDAMENTAL;02/08/21;30/12/21;100;0;0;0;0;60
179;498610;12;2021;PSS;PROFESSOR SUBSTITUTO;138;EMEF PAULO FREIRE;C12102;1;MANHA;13;CICLO I  -  2º ANO;17;EDUC GERAL FUNDAMENTAL;02/08/21;30/12/21;100;0;0;0;0;200
180;498610;12;2021;PSS;PROFESSOR SUBSTITUTO;138;EMEF PAULO FREIRE;C12102;1;MANHA;13;CICLO I  -  2º ANO;17;EDUC GERAL FUNDAMENTAL;02/08/21;30/12/21;100;0;0;0;0;200
181;498610;12;2021;PSS;PROFESSOR SUBSTITUTO;138;EMEF PAULO FREIRE;C12304;3;TARDE  ;13;CICLO I  -  2º ANO;17;EDUC GERAL FUNDAMENTAL;15/04/21;30/06/21;100;0;0;0;0;200
182;498610;12;2021;PSS;PROFESSOR SUBSTITUTO;138;EMEF PAULO FREIRE;C12304;3;TARDE  ;13;CICLO I  -  2º ANO;17;EDUC GERAL FUNDAMENTAL;15/04/21;30/06/21;100;0;0;0;0;200
183;498610;12;2021;PSS;PROFESSOR SUBSTITUTO;138;EMEF PAULO FREIRE;C12304;3;TARDE  ;13;CICLO I  -  2º ANO;17;EDUC GERAL FUNDAMENTAL;15/04/21;30/06/21;100;0;0;0;0;60
184;498610;12;2021;PSS;PROFESSOR SUBSTITUTO;138;EMEF PAULO FREIRE;C12304;3;TARDE  ;13;CICLO I  -  2º ANO;17;EDUC GERAL FUNDAMENTAL;15/04/21;30/06/21;100;0;0;0;0;200
185;498610;12;2021;PSS;PROFESSOR SUBSTITUTO;138;EMEF PAULO FREIRE;C12304;3;TARDE  ;13;CICLO I  -  2º ANO;17;EDUC GERAL FUNDAMENTAL;15/04/21;30/06/21;100;0;0;0;0;200
186;498610;12;2021;PSS;PROFESSOR SUBSTITUTO;138;EMEF PAULO FREIRE;C12102;1;MANHA;13;CICLO I  -  2º ANO;17;EDUC GERAL FUNDAMENTAL;15/04/21;30/06/21;100;0;0;0;0;200
187;498610;12;2021;PSS;PROFESSOR SUBSTITUTO;138;EMEF PAULO FREIRE;C12102;1;MANHA;13;CICLO I  -  2º ANO;17;EDUC GERAL FUNDAMENTAL;15/04/21;30/06/21;100;0;0;0;0;200
188;498610;12;2021;PSS;PROFESSOR SUBSTITUTO;138;EMEF PAULO FREIRE;C12102;1;MANHA;13;CICLO I  -  2º ANO;17;EDUC GERAL FUNDAMENTAL;15/04/21;30/06/21;100;0;0;0;0;60
189;498610;12;2021;PSS;PROFESSOR SUBSTITUTO;138;EMEF PAULO FREIRE;C12102;1;MANHA;13;CICLO I  -  2º ANO;17;EDUC GERAL FUNDAMENTAL;15/04/21;30/06/21;100;0;0;0;0;200
190;498610;12;2021;PSS;PROFESSOR SUBSTITUTO;138;EMEF PAULO FREIRE;C12102;1;MANHA;13;CICLO I  -  2º ANO;17;EDUC GERAL FUNDAMENTAL;15/04/21;30/06/21;100;0;0;0;0;200
191;501344;12;2021;PSS;PROFESSOR SUBSTITUTO;229;EMEI PROFA LAIS FONTOURA ADERNE;J11303;3;TARDE  ;67;JARDIM I;16;EDUC GERAL INFANTIL;12/04/21;30/04/21;100;0;0;0;0;60
192;501344;12;2021;PSS;PROFESSOR SUBSTITUTO;229;EMEI PROFA LAIS FONTOURA ADERNE;J11303;3;TARDE  ;67;JARDIM I;16;EDUC GERAL INFANTIL;12/04/21;30/04/21;100;200;0;0;0;200
193;501344;12;2021;PSS;PROFESSOR SUBSTITUTO;229;EMEI PROFA LAIS FONTOURA ADERNE;J11303;3;TARDE  ;67;JARDIM I;16;EDUC GERAL INFANTIL;12/04/21;30/04/21;100;200;0;0;0;200
194;501344;12;2021;PSS;PROFESSOR SUBSTITUTO;229;EMEI PROFA LAIS FONTOURA ADERNE;J11303;3;TARDE  ;67;JARDIM I;16;EDUC GERAL INFANTIL;12/04/21;30/04/21;100;200;0;0;0;200
195;501344;12;2021;PSS;PROFESSOR SUBSTITUTO;229;EMEI PROFA LAIS FONTOURA ADERNE;J11303;3;TARDE  ;67;JARDIM I;16;EDUC GERAL INFANTIL;12/04/21;30/04/21;100;200;0;0;0;200
196;501344;12;2021;PSS;PROFESSOR SUBSTITUTO;229;EMEI PROFA LAIS FONTOURA ADERNE;J11101;1;MANHA;67;JARDIM I;16;EDUC GERAL INFANTIL;12/04/21;30/04/21;100;0;0;0;0;60
197;501344;12;2021;PSS;PROFESSOR SUBSTITUTO;229;EMEI PROFA LAIS FONTOURA ADERNE;J11101;1;MANHA;67;JARDIM I;16;EDUC GERAL INFANTIL;12/04/21;30/04/21;100;200;0;0;0;200
198;501344;12;2021;PSS;PROFESSOR SUBSTITUTO;229;EMEI PROFA LAIS FONTOURA ADERNE;J11101;1;MANHA;67;JARDIM I;16;EDUC GERAL INFANTIL;12/04/21;30/04/21;100;200;0;0;0;200
199;501344;12;2021;PSS;PROFESSOR SUBSTITUTO;229;EMEI PROFA LAIS FONTOURA ADERNE;J11101;1;MANHA;67;JARDIM I;16;EDUC GERAL INFANTIL;12/04/21;30/04/21;100;200;0;0;0;200
200;501344;12;2021;PSS;PROFESSOR SUBSTITUTO;229;EMEI PROFA LAIS FONTOURA ADERNE;J11101;1;MANHA;67;JARDIM I;16;EDUC GERAL INFANTIL;12/04/21;30/04/21;100;200;0;0;0;200
201;247227;13;2021;PSS;PROFESSOR SUBSTITUTO;41;EMEF MARIA MADALENA RAAD;C42101;1;MANHA;20;CICLO IV  -  2º ANO;3;HISTORIA;02/05/21;30/09/21;15;90;0;0;0;190
202;247227;13;2021;PSS;PROFESSOR SUBSTITUTO;41;EMEF MARIA MADALENA RAAD;C42101;1;MANHA;20;CICLO IV  -  2º ANO;3;HISTORIA;02/05/21;30/09/21;15;90;0;0;0;190
203;247227;13;2021;PSS;PROFESSOR SUBSTITUTO;41;EMEF MARIA MADALENA RAAD;C42101;1;MANHA;20;CICLO IV  -  2º ANO;3;HISTORIA;02/05/21;30/09/21;15;90;0;0;0;190
204;247227;13;2021;PSS;PROFESSOR SUBSTITUTO;41;EMEF MARIA MADALENA RAAD;C42101;1;MANHA;20;CICLO IV  -  2º ANO;3;HISTORIA;02/05/21;30/09/21;15;90;0;0;0;190
205;247227;13;2021;PSS;PROFESSOR SUBSTITUTO;41;EMEF MARIA MADALENA RAAD;C42101;1;MANHA;20;CICLO IV  -  2º ANO;3;HISTORIA;02/05/21;30/09/21;15;90;0;0;0;190
206;247227;13;2021;PSS;PROFESSOR SUBSTITUTO;41;EMEF MARIA MADALENA RAAD;C41103;1;MANHA;19;CICLO IV  -  1º ANO;3;HISTORIA;02/05/21;30/09/21;15;90;0;0;0;190
207;247227;13;2021;PSS;PROFESSOR SUBSTITUTO;41;EMEF MARIA MADALENA RAAD;C41103;1;MANHA;19;CICLO IV  -  1º ANO;3;HISTORIA;02/05/21;30/09/21;15;90;0;0;0;190
208;247227;13;2021;PSS;PROFESSOR SUBSTITUTO;41;EMEF MARIA MADALENA RAAD;C41103;1;MANHA;19;CICLO IV  -  1º ANO;3;HISTORIA;02/05/21;30/09/21;15;90;0;0;0;190
209;247227;13;2021;PSS;PROFESSOR SUBSTITUTO;41;EMEF MARIA MADALENA RAAD;C41103;1;MANHA;19;CICLO IV  -  1º ANO;3;HISTORIA;02/05/21;30/09/21;15;90;0;0;0;190
210;247227;13;2021;PSS;PROFESSOR SUBSTITUTO;41;EMEF MARIA MADALENA RAAD;C41103;1;MANHA;19;CICLO IV  -  1º ANO;3;HISTORIA;02/05/21;30/09/21;15;90;0;0;0;190
211;247227;13;2021;PSS;PROFESSOR SUBSTITUTO;41;EMEF MARIA MADALENA RAAD;C41102;1;MANHA;19;CICLO IV  -  1º ANO;3;HISTORIA;02/05/21;30/09/21;15;90;0;0;0;190
212;247227;13;2021;PSS;PROFESSOR SUBSTITUTO;41;EMEF MARIA MADALENA RAAD;C41102;1;MANHA;19;CICLO IV  -  1º ANO;3;HISTORIA;02/05/21;30/09/21;15;90;0;0;0;190
213;247227;13;2021;PSS;PROFESSOR SUBSTITUTO;41;EMEF MARIA MADALENA RAAD;C41102;1;MANHA;19;CICLO IV  -  1º ANO;3;HISTORIA;02/05/21;30/09/21;15;90;0;0;0;190
214;247227;13;2021;PSS;PROFESSOR SUBSTITUTO;41;EMEF MARIA MADALENA RAAD;C41102;1;MANHA;19;CICLO IV  -  1º ANO;3;HISTORIA;02/05/21;30/09/21;15;90;0;0;0;190
215;247227;13;2021;PSS;PROFESSOR SUBSTITUTO;41;EMEF MARIA MADALENA RAAD;C41102;1;MANHA;19;CICLO IV  -  1º ANO;3;HISTORIA;02/05/21;30/09/21;15;90;0;0;0;190
216;247227;13;2021;PSS;PROFESSOR SUBSTITUTO;41;EMEF MARIA MADALENA RAAD;C41101;1;MANHA;19;CICLO IV  -  1º ANO;3;HISTORIA;02/05/21;30/09/21;15;90;0;0;0;190
217;247227;13;2021;PSS;PROFESSOR SUBSTITUTO;41;EMEF MARIA MADALENA RAAD;C41101;1;MANHA;19;CICLO IV  -  1º ANO;3;HISTORIA;02/05/21;30/09/21;15;90;0;0;0;190
218;247227;13;2021;PSS;PROFESSOR SUBSTITUTO;41;EMEF MARIA MADALENA RAAD;C41101;1;MANHA;19;CICLO IV  -  1º ANO;3;HISTORIA;02/05/21;30/09/21;15;90;0;0;0;190
219;247227;13;2021;PSS;PROFESSOR SUBSTITUTO;41;EMEF MARIA MADALENA RAAD;C41101;1;MANHA;19;CICLO IV  -  1º ANO;3;HISTORIA;02/05/21;30/09/21;15;90;0;0;0;190
220;247227;13;2021;PSS;PROFESSOR SUBSTITUTO;41;EMEF MARIA MADALENA RAAD;C41101;1;MANHA;19;CICLO IV  -  1º ANO;3;HISTORIA;02/05/21;30/09/21;15;90;0;0;0;190
221;247227;13;2021;PSS;PROFESSOR SUBSTITUTO;41;EMEF MARIA MADALENA RAAD;C32302;3;TARDE  ;18;CICLO III  -  2º ANO;3;HISTORIA;02/05/21;30/09/21;20;90;0;0;0;190
222;247227;13;2021;PSS;PROFESSOR SUBSTITUTO;41;EMEF MARIA MADALENA RAAD;C32302;3;TARDE  ;18;CICLO III  -  2º ANO;3;HISTORIA;02/05/21;30/09/21;20;90;0;0;0;190
223;247227;13;2021;PSS;PROFESSOR SUBSTITUTO;41;EMEF MARIA MADALENA RAAD;C32302;3;TARDE  ;18;CICLO III  -  2º ANO;3;HISTORIA;02/05/21;30/09/21;20;90;0;0;0;190
224;247227;13;2021;PSS;PROFESSOR SUBSTITUTO;41;EMEF MARIA MADALENA RAAD;C32302;3;TARDE  ;18;CICLO III  -  2º ANO;3;HISTORIA;02/05/21;30/09/21;20;90;0;0;0;190
225;247227;13;2021;PSS;PROFESSOR SUBSTITUTO;41;EMEF MARIA MADALENA RAAD;C32302;3;TARDE  ;18;CICLO III  -  2º ANO;3;HISTORIA;02/05/21;30/09/21;20;90;0;0;0;190
226;247227;13;2021;PSS;PROFESSOR SUBSTITUTO;41;EMEF MARIA MADALENA RAAD;C31101;1;MANHA;17;CICLO III  -  1º ANO;3;HISTORIA;02/05/21;30/09/21;20;90;0;0;0;190
227;247227;13;2021;PSS;PROFESSOR SUBSTITUTO;41;EMEF MARIA MADALENA RAAD;C31101;1;MANHA;17;CICLO III  -  1º ANO;3;HISTORIA;02/05/21;30/09/21;20;90;0;0;0;190
228;247227;13;2021;PSS;PROFESSOR SUBSTITUTO;41;EMEF MARIA MADALENA RAAD;C31101;1;MANHA;17;CICLO III  -  1º ANO;3;HISTORIA;02/05/21;30/09/21;20;90;0;0;0;190
229;247227;13;2021;PSS;PROFESSOR SUBSTITUTO;41;EMEF MARIA MADALENA RAAD;C31101;1;MANHA;17;CICLO III  -  1º ANO;3;HISTORIA;02/05/21;30/09/21;20;90;0;0;0;190
230;247227;13;2021;PSS;PROFESSOR SUBSTITUTO;41;EMEF MARIA MADALENA RAAD;C31101;1;MANHA;17;CICLO III  -  1º ANO;3;HISTORIA;02/05/21;30/09/21;20;90;0;0;0;190
231;247227;13;2021;PSS;PROFESSOR SUBSTITUTO;41;EMEF MARIA MADALENA RAAD;C42101;1;MANHA;20;CICLO IV  -  2º ANO;3;HISTORIA;12/04/21;01/05/21;15;90;0;0;0;190
232;247227;13;2021;PSS;PROFESSOR SUBSTITUTO;41;EMEF MARIA MADALENA RAAD;C42101;1;MANHA;20;CICLO IV  -  2º ANO;3;HISTORIA;12/04/21;01/05/21;15;90;0;0;0;190
233;247227;13;2021;PSS;PROFESSOR SUBSTITUTO;41;EMEF MARIA MADALENA RAAD;C42101;1;MANHA;20;CICLO IV  -  2º ANO;3;HISTORIA;12/04/21;01/05/21;15;90;0;0;0;190
234;247227;13;2021;PSS;PROFESSOR SUBSTITUTO;41;EMEF MARIA MADALENA RAAD;C42101;1;MANHA;20;CICLO IV  -  2º ANO;3;HISTORIA;12/04/21;01/05/21;15;90;0;0;0;190
235;247227;13;2021;PSS;PROFESSOR SUBSTITUTO;41;EMEF MARIA MADALENA RAAD;C42101;1;MANHA;20;CICLO IV  -  2º ANO;3;HISTORIA;12/04/21;01/05/21;15;90;0;0;0;190
236;247227;13;2021;PSS;PROFESSOR SUBSTITUTO;41;EMEF MARIA MADALENA RAAD;C41103;1;MANHA;19;CICLO IV  -  1º ANO;3;HISTORIA;12/04/21;01/05/21;15;90;0;0;0;190
237;247227;13;2021;PSS;PROFESSOR SUBSTITUTO;41;EMEF MARIA MADALENA RAAD;C41103;1;MANHA;19;CICLO IV  -  1º ANO;3;HISTORIA;12/04/21;01/05/21;15;90;0;0;0;190
238;247227;13;2021;PSS;PROFESSOR SUBSTITUTO;41;EMEF MARIA MADALENA RAAD;C41103;1;MANHA;19;CICLO IV  -  1º ANO;3;HISTORIA;12/04/21;01/05/21;15;90;0;0;0;190
239;247227;13;2021;PSS;PROFESSOR SUBSTITUTO;41;EMEF MARIA MADALENA RAAD;C41103;1;MANHA;19;CICLO IV  -  1º ANO;3;HISTORIA;12/04/21;01/05/21;15;90;0;0;0;190
240;247227;13;2021;PSS;PROFESSOR SUBSTITUTO;41;EMEF MARIA MADALENA RAAD;C41103;1;MANHA;19;CICLO IV  -  1º ANO;3;HISTORIA;12/04/21;01/05/21;15;90;0;0;0;190
241;247227;13;2021;PSS;PROFESSOR SUBSTITUTO;41;EMEF MARIA MADALENA RAAD;C41102;1;MANHA;19;CICLO IV  -  1º ANO;3;HISTORIA;12/04/21;01/05/21;15;90;0;0;0;190
242;247227;13;2021;PSS;PROFESSOR SUBSTITUTO;41;EMEF MARIA MADALENA RAAD;C41102;1;MANHA;19;CICLO IV  -  1º ANO;3;HISTORIA;12/04/21;01/05/21;15;90;0;0;0;190
243;247227;13;2021;PSS;PROFESSOR SUBSTITUTO;41;EMEF MARIA MADALENA RAAD;C41102;1;MANHA;19;CICLO IV  -  1º ANO;3;HISTORIA;12/04/21;01/05/21;15;90;0;0;0;190
244;247227;13;2021;PSS;PROFESSOR SUBSTITUTO;41;EMEF MARIA MADALENA RAAD;C41102;1;MANHA;19;CICLO IV  -  1º ANO;3;HISTORIA;12/04/21;01/05/21;15;90;0;0;0;190
245;247227;13;2021;PSS;PROFESSOR SUBSTITUTO;41;EMEF MARIA MADALENA RAAD;C41102;1;MANHA;19;CICLO IV  -  1º ANO;3;HISTORIA;12/04/21;01/05/21;15;90;0;0;0;190
246;247227;13;2021;PSS;PROFESSOR SUBSTITUTO;41;EMEF MARIA MADALENA RAAD;C41101;1;MANHA;19;CICLO IV  -  1º ANO;3;HISTORIA;12/04/21;01/05/21;15;90;0;0;0;190
247;247227;13;2021;PSS;PROFESSOR SUBSTITUTO;41;EMEF MARIA MADALENA RAAD;C41101;1;MANHA;19;CICLO IV  -  1º ANO;3;HISTORIA;12/04/21;01/05/21;15;90;0;0;0;190
248;247227;13;2021;PSS;PROFESSOR SUBSTITUTO;41;EMEF MARIA MADALENA RAAD;C41101;1;MANHA;19;CICLO IV  -  1º ANO;3;HISTORIA;12/04/21;01/05/21;15;90;0;0;0;190
249;247227;13;2021;PSS;PROFESSOR SUBSTITUTO;41;EMEF MARIA MADALENA RAAD;C41101;1;MANHA;19;CICLO IV  -  1º ANO;3;HISTORIA;12/04/21;01/05/21;15;90;0;0;0;190
250;247227;13;2021;PSS;PROFESSOR SUBSTITUTO;41;EMEF MARIA MADALENA RAAD;C41101;1;MANHA;19;CICLO IV  -  1º ANO;3;HISTORIA;12/04/21;01/05/21;15;90;0;0;0;190
251;247227;13;2021;PSS;PROFESSOR SUBSTITUTO;41;EMEF MARIA MADALENA RAAD;C31101;1;MANHA;17;CICLO III  -  1º ANO;3;HISTORIA;12/04/21;01/05/21;20;90;0;0;0;190
252;247227;13;2021;PSS;PROFESSOR SUBSTITUTO;41;EMEF MARIA MADALENA RAAD;C31101;1;MANHA;17;CICLO III  -  1º ANO;3;HISTORIA;12/04/21;01/05/21;20;90;0;0;0;190
253;247227;13;2021;PSS;PROFESSOR SUBSTITUTO;41;EMEF MARIA MADALENA RAAD;C31101;1;MANHA;17;CICLO III  -  1º ANO;3;HISTORIA;12/04/21;01/05/21;20;90;0;0;0;190
254;247227;13;2021;PSS;PROFESSOR SUBSTITUTO;41;EMEF MARIA MADALENA RAAD;C31101;1;MANHA;17;CICLO III  -  1º ANO;3;HISTORIA;12/04/21;01/05/21;20;90;0;0;0;190
255;247227;13;2021;PSS;PROFESSOR SUBSTITUTO;41;EMEF MARIA MADALENA RAAD;C31101;1;MANHA;17;CICLO III  -  1º ANO;3;HISTORIA;12/04/21;01/05/21;20;90;0;0;0;190
256;247227;13;2021;PSS;PROFESSOR SUBSTITUTO;41;EMEF MARIA MADALENA RAAD;C32302;3;TARDE  ;18;CICLO III  -  2º ANO;3;HISTORIA;12/04/21;01/05/21;20;90;0;0;0;190
257;247227;13;2021;PSS;PROFESSOR SUBSTITUTO;41;EMEF MARIA MADALENA RAAD;C32302;3;TARDE  ;18;CICLO III  -  2º ANO;3;HISTORIA;12/04/21;01/05/21;20;90;0;0;0;190
258;247227;13;2021;PSS;PROFESSOR SUBSTITUTO;41;EMEF MARIA MADALENA RAAD;C32302;3;TARDE  ;18;CICLO III  -  2º ANO;3;HISTORIA;12/04/21;01/05/21;20;90;0;0;0;190
259;247227;13;2021;PSS;PROFESSOR SUBSTITUTO;41;EMEF MARIA MADALENA RAAD;C32302;3;TARDE  ;18;CICLO III  -  2º ANO;3;HISTORIA;12/04/21;01/05/21;20;90;0;0;0;190
260;247227;13;2021;PSS;PROFESSOR SUBSTITUTO;41;EMEF MARIA MADALENA RAAD;C32302;3;TARDE  ;18;CICLO III  -  2º ANO;3;HISTORIA;12/04/21;01/05/21;20;90;0;0;0;190
261;487880;13;2021;PSS;PROFESSOR SUBSTITUTO;134;EMEIF CIRO PIMENTA;C13304;3;TARDE  ;14;CICLO I  -  3º ANO;17;EDUC GERAL FUNDAMENTAL;12/04/21;02/05/21;100;200;0;0;0;200
262;487880;13;2021;PSS;PROFESSOR SUBSTITUTO;134;EMEIF CIRO PIMENTA;C13304;3;TARDE  ;14;CICLO I  -  3º ANO;17;EDUC GERAL FUNDAMENTAL;12/04/21;02/05/21;100;100;0;0;0;200
263;487880;13;2021;PSS;PROFESSOR SUBSTITUTO;134;EMEIF CIRO PIMENTA;C13304;3;TARDE  ;14;CICLO I  -  3º ANO;17;EDUC GERAL FUNDAMENTAL;12/04/21;02/05/21;100;100;0;0;0;100
264;487880;13;2021;PSS;PROFESSOR SUBSTITUTO;134;EMEIF CIRO PIMENTA;C13304;3;TARDE  ;14;CICLO I  -  3º ANO;17;EDUC GERAL FUNDAMENTAL;12/04/21;02/05/21;100;100;0;0;0;100
265;487880;13;2021;PSS;PROFESSOR SUBSTITUTO;134;EMEIF CIRO PIMENTA;C13304;3;TARDE  ;14;CICLO I  -  3º ANO;17;EDUC GERAL FUNDAMENTAL;12/04/21;02/05/21;100;100;0;0;0;100
266;487880;13;2021;PSS;PROFESSOR SUBSTITUTO;134;EMEIF CIRO PIMENTA;C13304;3;TARDE  ;14;CICLO I  -  3º ANO;17;EDUC GERAL FUNDAMENTAL;01/08/21;08/10/21;100;200;0;0;0;200
267;487880;13;2021;PSS;PROFESSOR SUBSTITUTO;134;EMEIF CIRO PIMENTA;C13304;3;TARDE  ;14;CICLO I  -  3º ANO;17;EDUC GERAL FUNDAMENTAL;01/08/21;08/10/21;100;100;0;0;0;200
268;487880;13;2021;PSS;PROFESSOR SUBSTITUTO;134;EMEIF CIRO PIMENTA;C13304;3;TARDE  ;14;CICLO I  -  3º ANO;17;EDUC GERAL FUNDAMENTAL;01/08/21;08/10/21;100;100;0;0;0;100
269;487880;13;2021;PSS;PROFESSOR SUBSTITUTO;134;EMEIF CIRO PIMENTA;C13304;3;TARDE  ;14;CICLO I  -  3º ANO;17;EDUC GERAL FUNDAMENTAL;01/08/21;08/10/21;100;100;0;0;0;100
270;487880;13;2021;PSS;PROFESSOR SUBSTITUTO;134;EMEIF CIRO PIMENTA;C13304;3;TARDE  ;14;CICLO I  -  3º ANO;17;EDUC GERAL FUNDAMENTAL;01/08/21;08/10/21;100;100;0;0;0;100
271;487880;13;2021;PSS;PROFESSOR SUBSTITUTO;134;EMEIF CIRO PIMENTA;C13304;3;TARDE  ;14;CICLO I  -  3º ANO;17;EDUC GERAL FUNDAMENTAL;12/05/21;30/06/21;100;200;0;0;0;200
272;487880;13;2021;PSS;PROFESSOR SUBSTITUTO;134;EMEIF CIRO PIMENTA;C13304;3;TARDE  ;14;CICLO I  -  3º ANO;17;EDUC GERAL FUNDAMENTAL;12/05/21;30/06/21;100;100;0;0;0;200
273;487880;13;2021;PSS;PROFESSOR SUBSTITUTO;134;EMEIF CIRO PIMENTA;C13304;3;TARDE  ;14;CICLO I  -  3º ANO;17;EDUC GERAL FUNDAMENTAL;12/05/21;30/06/21;100;100;0;0;0;100
274;487880;13;2021;PSS;PROFESSOR SUBSTITUTO;134;EMEIF CIRO PIMENTA;C13304;3;TARDE  ;14;CICLO I  -  3º ANO;17;EDUC GERAL FUNDAMENTAL;12/05/21;30/06/21;100;100;0;0;0;100
275;487880;13;2021;PSS;PROFESSOR SUBSTITUTO;134;EMEIF CIRO PIMENTA;C13304;3;TARDE  ;14;CICLO I  -  3º ANO;17;EDUC GERAL FUNDAMENTAL;12/05/21;30/06/21;100;100;0;0;0;100
276;490342;19;2021;PSS;PROFESSOR SUBSTITUTO;24;EMEIF ALZIRA PERNAMBUCO;J11101;1;MANHA;67;JARDIM I;16;EDUC GERAL INFANTIL;16/06/21;26/08/21;100;200;0;0;0;200
277;490342;19;2021;PSS;PROFESSOR SUBSTITUTO;24;EMEIF ALZIRA PERNAMBUCO;J11101;1;MANHA;67;JARDIM I;16;EDUC GERAL INFANTIL;16/06/21;26/08/21;100;0;0;0;0;200
278;490342;19;2021;PSS;PROFESSOR SUBSTITUTO;24;EMEIF ALZIRA PERNAMBUCO;J11101;1;MANHA;67;JARDIM I;16;EDUC GERAL INFANTIL;16/06/21;26/08/21;100;0;0;0;0;200
279;490342;19;2021;PSS;PROFESSOR SUBSTITUTO;24;EMEIF ALZIRA PERNAMBUCO;J11101;1;MANHA;67;JARDIM I;16;EDUC GERAL INFANTIL;16/06/21;26/08/21;100;0;0;0;0;200
280;490342;19;2021;PSS;PROFESSOR SUBSTITUTO;273;EMEI PROFA RITA NERY;J22304;3;TARDE  ;69;JARDIM II;16;EDUC GERAL INFANTIL;16/06/21;26/08/21;100;200;0;0;0;200
281;490342;19;2021;PSS;PROFESSOR SUBSTITUTO;273;EMEI PROFA RITA NERY;J22304;3;TARDE  ;69;JARDIM II;16;EDUC GERAL INFANTIL;16/06/21;26/08/21;100;0;0;0;0;200
282;490342;19;2021;PSS;PROFESSOR SUBSTITUTO;273;EMEI PROFA RITA NERY;J22304;3;TARDE  ;69;JARDIM II;16;EDUC GERAL INFANTIL;16/06/21;26/08/21;100;0;0;0;0;200
283;490342;19;2021;PSS;PROFESSOR SUBSTITUTO;273;EMEI PROFA RITA NERY;J22304;3;TARDE  ;69;JARDIM II;16;EDUC GERAL INFANTIL;16/06/21;26/08/21;100;0;0;0;0;200
284;487937;15;2021;PSS;PROFESSOR SUBSTITUTO;2;EMEF ALFREDO CHAVES;C22101;1;MANHA;16;CICLO II  -  2º ANO;17;EDUC GERAL FUNDAMENTAL;12/04/21;30/06/21;100;0;0;0;0;60
285;487937;15;2021;PSS;PROFESSOR SUBSTITUTO;2;EMEF ALFREDO CHAVES;C22101;1;MANHA;16;CICLO II  -  2º ANO;17;EDUC GERAL FUNDAMENTAL;12/04/21;30/06/21;100;0;0;0;0;100
286;487937;15;2021;PSS;PROFESSOR SUBSTITUTO;2;EMEF ALFREDO CHAVES;C22101;1;MANHA;16;CICLO II  -  2º ANO;17;EDUC GERAL FUNDAMENTAL;12/04/21;30/06/21;100;0;0;0;0;60
287;487937;15;2021;PSS;PROFESSOR SUBSTITUTO;2;EMEF ALFREDO CHAVES;C22101;1;MANHA;16;CICLO II  -  2º ANO;17;EDUC GERAL FUNDAMENTAL;12/04/21;30/06/21;100;0;0;0;0;60
288;487970;12;2021;PSS;PROFESSOR SUBSTITUTO;2;EMEF ALFREDO CHAVES;T22402;4;NOITE  ;58;2ª TOTALIDADE;17;EDUC GERAL FUNDAMENTAL;01/07/21;31/07/21;100;0;0;0;0;100
289;487970;12;2021;PSS;PROFESSOR SUBSTITUTO;2;EMEF ALFREDO CHAVES;T22402;4;NOITE  ;58;2ª TOTALIDADE;17;EDUC GERAL FUNDAMENTAL;01/07/21;31/07/21;100;0;0;0;0;200
290;487970;12;2021;PSS;PROFESSOR SUBSTITUTO;2;EMEF ALFREDO CHAVES;T22402;4;NOITE  ;58;2ª TOTALIDADE;17;EDUC GERAL FUNDAMENTAL;01/07/21;31/07/21;100;0;0;0;0;100
291;487970;12;2021;PSS;PROFESSOR SUBSTITUTO;2;EMEF ALFREDO CHAVES;T22402;4;NOITE  ;58;2ª TOTALIDADE;17;EDUC GERAL FUNDAMENTAL;01/07/21;31/07/21;100;0;0;0;0;100
292;487970;12;2021;PSS;PROFESSOR SUBSTITUTO;2;EMEF ALFREDO CHAVES;T22402;4;NOITE  ;58;2ª TOTALIDADE;17;EDUC GERAL FUNDAMENTAL;12/04/21;30/06/21;100;0;0;0;0;100
293;487970;12;2021;PSS;PROFESSOR SUBSTITUTO;2;EMEF ALFREDO CHAVES;T22402;4;NOITE  ;58;2ª TOTALIDADE;17;EDUC GERAL FUNDAMENTAL;12/04/21;30/06/21;100;0;0;0;0;200
294;487970;12;2021;PSS;PROFESSOR SUBSTITUTO;2;EMEF ALFREDO CHAVES;T22402;4;NOITE  ;58;2ª TOTALIDADE;17;EDUC GERAL FUNDAMENTAL;12/04/21;30/06/21;100;0;0;0;0;100
295;487970;12;2021;PSS;PROFESSOR SUBSTITUTO;2;EMEF ALFREDO CHAVES;T22402;4;NOITE  ;58;2ª TOTALIDADE;17;EDUC GERAL FUNDAMENTAL;12/04/21;30/06/21;100;0;0;0;0;100
296;487961;13;2021;PSS;PROFESSOR SUBSTITUTO;136;EMEIF EDSON LUIS;C13304;3;TARDE  ;14;CICLO I  -  3º ANO;17;EDUC GERAL FUNDAMENTAL;22/04/21;21/05/21;100;0;0;0;0;200
297;487961;13;2021;PSS;PROFESSOR SUBSTITUTO;136;EMEIF EDSON LUIS;C13304;3;TARDE  ;14;CICLO I  -  3º ANO;17;EDUC GERAL FUNDAMENTAL;22/04/21;21/05/21;100;0;0;0;0;100
298;487961;13;2021;PSS;PROFESSOR SUBSTITUTO;136;EMEIF EDSON LUIS;C13304;3;TARDE  ;14;CICLO I  -  3º ANO;17;EDUC GERAL FUNDAMENTAL;22/04/21;21/05/21;100;0;0;0;0;100
299;487961;13;2021;PSS;PROFESSOR SUBSTITUTO;136;EMEIF EDSON LUIS;C13304;3;TARDE  ;14;CICLO I  -  3º ANO;17;EDUC GERAL FUNDAMENTAL;22/04/21;21/05/21;100;0;0;0;0;60
300;487961;13;2021;PSS;PROFESSOR SUBSTITUTO;136;EMEIF EDSON LUIS;C13101;1;MANHA;14;CICLO I  -  3º ANO;17;EDUC GERAL FUNDAMENTAL;12/04/21;31/05/21;100;0;0;0;0;200
301;487961;13;2021;PSS;PROFESSOR SUBSTITUTO;136;EMEIF EDSON LUIS;C13101;1;MANHA;14;CICLO I  -  3º ANO;17;EDUC GERAL FUNDAMENTAL;12/04/21;31/05/21;100;0;0;0;0;100
302;487961;13;2021;PSS;PROFESSOR SUBSTITUTO;136;EMEIF EDSON LUIS;C13101;1;MANHA;14;CICLO I  -  3º ANO;17;EDUC GERAL FUNDAMENTAL;12/04/21;31/05/21;100;0;0;0;0;100
303;487961;13;2021;PSS;PROFESSOR SUBSTITUTO;136;EMEIF EDSON LUIS;C13101;1;MANHA;14;CICLO I  -  3º ANO;17;EDUC GERAL FUNDAMENTAL;12/04/21;31/05/21;100;0;0;0;0;60
304;487961;13;2021;PSS;PROFESSOR SUBSTITUTO;136;EMEIF EDSON LUIS;C13304;3;TARDE  ;14;CICLO I  -  3º ANO;17;EDUC GERAL FUNDAMENTAL;22/05/21;30/06/21;100;0;0;0;0;200
305;487961;13;2021;PSS;PROFESSOR SUBSTITUTO;136;EMEIF EDSON LUIS;C13304;3;TARDE  ;14;CICLO I  -  3º ANO;17;EDUC GERAL FUNDAMENTAL;22/05/21;30/06/21;100;0;0;0;0;100
306;487961;13;2021;PSS;PROFESSOR SUBSTITUTO;136;EMEIF EDSON LUIS;C13304;3;TARDE  ;14;CICLO I  -  3º ANO;17;EDUC GERAL FUNDAMENTAL;22/05/21;30/06/21;100;0;0;0;0;100
307;487961;13;2021;PSS;PROFESSOR SUBSTITUTO;136;EMEIF EDSON LUIS;C13304;3;TARDE  ;14;CICLO I  -  3º ANO;17;EDUC GERAL FUNDAMENTAL;22/05/21;30/06/21;100;0;0;0;0;60
308;487961;13;2021;PSS;PROFESSOR SUBSTITUTO;136;EMEIF EDSON LUIS;C13101;1;MANHA;14;CICLO I  -  3º ANO;17;EDUC GERAL FUNDAMENTAL;01/06/21;05/08/21;100;0;0;0;0;200
309;487961;13;2021;PSS;PROFESSOR SUBSTITUTO;136;EMEIF EDSON LUIS;C13101;1;MANHA;14;CICLO I  -  3º ANO;17;EDUC GERAL FUNDAMENTAL;01/06/21;05/08/21;100;0;0;0;0;100
310;487961;13;2021;PSS;PROFESSOR SUBSTITUTO;136;EMEIF EDSON LUIS;C13101;1;MANHA;14;CICLO I  -  3º ANO;17;EDUC GERAL FUNDAMENTAL;01/06/21;05/08/21;100;0;0;0;0;100
311;487961;13;2021;PSS;PROFESSOR SUBSTITUTO;136;EMEIF EDSON LUIS;C13101;1;MANHA;14;CICLO I  -  3º ANO;17;EDUC GERAL FUNDAMENTAL;01/06/21;05/08/21;100;0;0;0;0;60
312;500771;14;2021;PSS;PROFESSOR SUBSTITUTO;7;EMEIF ANTONIO CARVALHO BRASIL;C22101;1;MANHA;16;CICLO II  -  2º ANO;17;EDUC GERAL FUNDAMENTAL;09/08/21;28/09/21;100;0;0;0;0;60
313;500771;14;2021;PSS;PROFESSOR SUBSTITUTO;7;EMEIF ANTONIO CARVALHO BRASIL;C22101;1;MANHA;16;CICLO II  -  2º ANO;17;EDUC GERAL FUNDAMENTAL;09/08/21;28/09/21;100;0;0;0;0;60
314;500771;14;2021;PSS;PROFESSOR SUBSTITUTO;7;EMEIF ANTONIO CARVALHO BRASIL;C22101;1;MANHA;16;CICLO II  -  2º ANO;17;EDUC GERAL FUNDAMENTAL;09/08/21;28/09/21;100;0;0;0;0;60
315;500771;14;2021;PSS;PROFESSOR SUBSTITUTO;7;EMEIF ANTONIO CARVALHO BRASIL;C22101;1;MANHA;16;CICLO II  -  2º ANO;17;EDUC GERAL FUNDAMENTAL;09/08/21;28/09/21;100;0;0;0;0;100
316;500771;14;2021;PSS;PROFESSOR SUBSTITUTO;7;EMEIF ANTONIO CARVALHO BRASIL;C22101;1;MANHA;16;CICLO II  -  2º ANO;17;EDUC GERAL FUNDAMENTAL;09/08/21;28/09/21;100;0;0;0;0;100
317;500895;15;2021;PSS;PROFESSOR SUBSTITUTO;23;EMEIF SILVIO NASCIMENTO;C12304;3;TARDE  ;13;CICLO I  -  2º ANO;17;EDUC GERAL FUNDAMENTAL;12/04/21;31/10/21;100;0;0;0;0;200
318;500895;15;2021;PSS;PROFESSOR SUBSTITUTO;23;EMEIF SILVIO NASCIMENTO;C12304;3;TARDE  ;13;CICLO I  -  2º ANO;17;EDUC GERAL FUNDAMENTAL;12/04/21;31/10/21;100;0;0;0;0;200
319;500895;15;2021;PSS;PROFESSOR SUBSTITUTO;23;EMEIF SILVIO NASCIMENTO;C12304;3;TARDE  ;13;CICLO I  -  2º ANO;17;EDUC GERAL FUNDAMENTAL;12/04/21;31/10/21;100;0;0;0;0;200
320;500895;15;2021;PSS;PROFESSOR SUBSTITUTO;23;EMEIF SILVIO NASCIMENTO;C12304;3;TARDE  ;13;CICLO I  -  2º ANO;17;EDUC GERAL FUNDAMENTAL;12/04/21;31/10/21;100;0;0;0;0;200
321;500895;15;2021;PSS;PROFESSOR SUBSTITUTO;23;EMEIF SILVIO NASCIMENTO;C12304;3;TARDE  ;13;CICLO I  -  2º ANO;17;EDUC GERAL FUNDAMENTAL;12/04/21;31/10/21;100;0;0;0;0;200
322;500895;15;2021;PSS;PROFESSOR SUBSTITUTO;23;EMEIF SILVIO NASCIMENTO;C11102;1;MANHA;10;CICLO I  -  1º ANO;17;EDUC GERAL FUNDAMENTAL;12/04/21;31/10/21;100;0;0;0;0;200
323;500895;15;2021;PSS;PROFESSOR SUBSTITUTO;23;EMEIF SILVIO NASCIMENTO;C11102;1;MANHA;10;CICLO I  -  1º ANO;17;EDUC GERAL FUNDAMENTAL;12/04/21;31/10/21;100;0;0;0;0;200
324;500895;15;2021;PSS;PROFESSOR SUBSTITUTO;23;EMEIF SILVIO NASCIMENTO;C11102;1;MANHA;10;CICLO I  -  1º ANO;17;EDUC GERAL FUNDAMENTAL;12/04/21;31/10/21;100;0;0;0;0;200
325;500895;15;2021;PSS;PROFESSOR SUBSTITUTO;23;EMEIF SILVIO NASCIMENTO;C11102;1;MANHA;10;CICLO I  -  1º ANO;17;EDUC GERAL FUNDAMENTAL;12/04/21;31/10/21;100;0;0;0;0;200
326;500895;15;2021;PSS;PROFESSOR SUBSTITUTO;23;EMEIF SILVIO NASCIMENTO;C11102;1;MANHA;10;CICLO I  -  1º ANO;17;EDUC GERAL FUNDAMENTAL;12/04/21;31/10/21;100;0;0;0;0;200
327;500895;15;2021;PSS;PROFESSOR SUBSTITUTO;23;EMEIF SILVIO NASCIMENTO;C12304;3;TARDE  ;13;CICLO I  -  2º ANO;17;EDUC GERAL FUNDAMENTAL;01/11/21;30/11/21;100;0;0;0;0;200
328;500895;15;2021;PSS;PROFESSOR SUBSTITUTO;23;EMEIF SILVIO NASCIMENTO;C12304;3;TARDE  ;13;CICLO I  -  2º ANO;17;EDUC GERAL FUNDAMENTAL;01/11/21;30/11/21;100;0;0;0;0;200
329;500895;15;2021;PSS;PROFESSOR SUBSTITUTO;23;EMEIF SILVIO NASCIMENTO;C12304;3;TARDE  ;13;CICLO I  -  2º ANO;17;EDUC GERAL FUNDAMENTAL;01/11/21;30/11/21;100;0;0;0;0;200
330;500895;15;2021;PSS;PROFESSOR SUBSTITUTO;23;EMEIF SILVIO NASCIMENTO;C12304;3;TARDE  ;13;CICLO I  -  2º ANO;17;EDUC GERAL FUNDAMENTAL;01/11/21;30/11/21;100;0;0;0;0;200
331;500895;15;2021;PSS;PROFESSOR SUBSTITUTO;23;EMEIF SILVIO NASCIMENTO;C12304;3;TARDE  ;13;CICLO I  -  2º ANO;17;EDUC GERAL FUNDAMENTAL;01/11/21;30/11/21;100;0;0;0;0;200
332;500895;15;2021;PSS;PROFESSOR SUBSTITUTO;23;EMEIF SILVIO NASCIMENTO;C11102;1;MANHA;10;CICLO I  -  1º ANO;17;EDUC GERAL FUNDAMENTAL;01/11/21;30/11/21;100;0;0;0;0;200
333;500895;15;2021;PSS;PROFESSOR SUBSTITUTO;23;EMEIF SILVIO NASCIMENTO;C11102;1;MANHA;10;CICLO I  -  1º ANO;17;EDUC GERAL FUNDAMENTAL;01/11/21;30/11/21;100;0;0;0;0;200
334;500895;15;2021;PSS;PROFESSOR SUBSTITUTO;23;EMEIF SILVIO NASCIMENTO;C11102;1;MANHA;10;CICLO I  -  1º ANO;17;EDUC GERAL FUNDAMENTAL;01/11/21;30/11/21;100;0;0;0;0;200
335;500895;15;2021;PSS;PROFESSOR SUBSTITUTO;23;EMEIF SILVIO NASCIMENTO;C11102;1;MANHA;10;CICLO I  -  1º ANO;17;EDUC GERAL FUNDAMENTAL;01/11/21;30/11/21;100;0;0;0;0;200
336;500895;15;2021;PSS;PROFESSOR SUBSTITUTO;23;EMEIF SILVIO NASCIMENTO;C11102;1;MANHA;10;CICLO I  -  1º ANO;17;EDUC GERAL FUNDAMENTAL;01/11/21;30/11/21;100;0;0;0;0;200
337;500895;15;2021;PSS;PROFESSOR SUBSTITUTO;23;EMEIF SILVIO NASCIMENTO;C12304;3;TARDE  ;13;CICLO I  -  2º ANO;17;EDUC GERAL FUNDAMENTAL;01/12/21;30/12/21;100;0;0;0;0;200
338;500895;15;2021;PSS;PROFESSOR SUBSTITUTO;23;EMEIF SILVIO NASCIMENTO;C12304;3;TARDE  ;13;CICLO I  -  2º ANO;17;EDUC GERAL FUNDAMENTAL;01/12/21;30/12/21;100;0;0;0;0;200
339;500895;15;2021;PSS;PROFESSOR SUBSTITUTO;23;EMEIF SILVIO NASCIMENTO;C12304;3;TARDE  ;13;CICLO I  -  2º ANO;17;EDUC GERAL FUNDAMENTAL;01/12/21;30/12/21;100;0;0;0;0;200
340;500895;15;2021;PSS;PROFESSOR SUBSTITUTO;23;EMEIF SILVIO NASCIMENTO;C12304;3;TARDE  ;13;CICLO I  -  2º ANO;17;EDUC GERAL FUNDAMENTAL;01/12/21;30/12/21;100;0;0;0;0;200
341;500895;15;2021;PSS;PROFESSOR SUBSTITUTO;23;EMEIF SILVIO NASCIMENTO;C12304;3;TARDE  ;13;CICLO I  -  2º ANO;17;EDUC GERAL FUNDAMENTAL;01/12/21;30/12/21;100;0;0;0;0;200
342;500895;15;2021;PSS;PROFESSOR SUBSTITUTO;23;EMEIF SILVIO NASCIMENTO;C11102;1;MANHA;10;CICLO I  -  1º ANO;17;EDUC GERAL FUNDAMENTAL;01/12/21;30/12/21;100;0;0;0;0;200
343;500895;15;2021;PSS;PROFESSOR SUBSTITUTO;23;EMEIF SILVIO NASCIMENTO;C11102;1;MANHA;10;CICLO I  -  1º ANO;17;EDUC GERAL FUNDAMENTAL;01/12/21;30/12/21;100;0;0;0;0;200
344;500895;15;2021;PSS;PROFESSOR SUBSTITUTO;23;EMEIF SILVIO NASCIMENTO;C11102;1;MANHA;10;CICLO I  -  1º ANO;17;EDUC GERAL FUNDAMENTAL;01/12/21;30/12/21;100;0;0;0;0;200
345;500895;15;2021;PSS;PROFESSOR SUBSTITUTO;23;EMEIF SILVIO NASCIMENTO;C11102;1;MANHA;10;CICLO I  -  1º ANO;17;EDUC GERAL FUNDAMENTAL;01/12/21;30/12/21;100;0;0;0;0;200
346;500895;15;2021;PSS;PROFESSOR SUBSTITUTO;23;EMEIF SILVIO NASCIMENTO;C11102;1;MANHA;10;CICLO I  -  1º ANO;17;EDUC GERAL FUNDAMENTAL;01/12/21;30/12/21;100;0;0;0;0;200
347;499587;14;2021;PSS;PROFESSOR SUBSTITUTO;38;EMEIF PALMIRA GABRIEL;C22101;1;MANHA;16;CICLO II  -  2º ANO;17;EDUC GERAL FUNDAMENTAL;12/04/21;09/05/21;100;100;0;0;0;100
348;499587;14;2021;PSS;PROFESSOR SUBSTITUTO;38;EMEIF PALMIRA GABRIEL;C22101;1;MANHA;16;CICLO II  -  2º ANO;17;EDUC GERAL FUNDAMENTAL;12/04/21;09/05/21;100;100;0;0;0;100
349;499587;14;2021;PSS;PROFESSOR SUBSTITUTO;38;EMEIF PALMIRA GABRIEL;C22101;1;MANHA;16;CICLO II  -  2º ANO;17;EDUC GERAL FUNDAMENTAL;12/04/21;09/05/21;100;100;0;0;0;100
350;499587;14;2021;PSS;PROFESSOR SUBSTITUTO;38;EMEIF PALMIRA GABRIEL;C22101;1;MANHA;16;CICLO II  -  2º ANO;17;EDUC GERAL FUNDAMENTAL;12/04/21;09/05/21;100;100;0;0;0;100
351;499587;14;2021;PSS;PROFESSOR SUBSTITUTO;38;EMEIF PALMIRA GABRIEL;C22101;1;MANHA;16;CICLO II  -  2º ANO;17;EDUC GERAL FUNDAMENTAL;12/04/21;09/05/21;100;100;0;0;0;200
352;499587;14;2021;PSS;PROFESSOR SUBSTITUTO;38;EMEIF PALMIRA GABRIEL;C22101;1;MANHA;16;CICLO II  -  2º ANO;17;EDUC GERAL FUNDAMENTAL;01/09/21;31/10/21;100;100;0;0;0;100
353;499587;14;2021;PSS;PROFESSOR SUBSTITUTO;38;EMEIF PALMIRA GABRIEL;C22101;1;MANHA;16;CICLO II  -  2º ANO;17;EDUC GERAL FUNDAMENTAL;01/09/21;31/10/21;100;100;0;0;0;100
354;499587;14;2021;PSS;PROFESSOR SUBSTITUTO;38;EMEIF PALMIRA GABRIEL;C22101;1;MANHA;16;CICLO II  -  2º ANO;17;EDUC GERAL FUNDAMENTAL;01/09/21;31/10/21;100;100;0;0;0;100
355;499587;14;2021;PSS;PROFESSOR SUBSTITUTO;38;EMEIF PALMIRA GABRIEL;C22101;1;MANHA;16;CICLO II  -  2º ANO;17;EDUC GERAL FUNDAMENTAL;01/09/21;31/10/21;100;100;0;0;0;100
356;499587;14;2021;PSS;PROFESSOR SUBSTITUTO;38;EMEIF PALMIRA GABRIEL;C22101;1;MANHA;16;CICLO II  -  2º ANO;17;EDUC GERAL FUNDAMENTAL;01/09/21;31/10/21;100;100;0;0;0;200
357;499587;14;2021;PSS;PROFESSOR SUBSTITUTO;38;EMEIF PALMIRA GABRIEL;C22101;1;MANHA;16;CICLO II  -  2º ANO;17;EDUC GERAL FUNDAMENTAL;10/05/21;22/06/21;100;100;0;0;0;100
358;499587;14;2021;PSS;PROFESSOR SUBSTITUTO;38;EMEIF PALMIRA GABRIEL;C22101;1;MANHA;16;CICLO II  -  2º ANO;17;EDUC GERAL FUNDAMENTAL;10/05/21;22/06/21;100;100;0;0;0;100
359;499587;14;2021;PSS;PROFESSOR SUBSTITUTO;38;EMEIF PALMIRA GABRIEL;C22101;1;MANHA;16;CICLO II  -  2º ANO;17;EDUC GERAL FUNDAMENTAL;10/05/21;22/06/21;100;100;0;0;0;100
360;499587;14;2021;PSS;PROFESSOR SUBSTITUTO;38;EMEIF PALMIRA GABRIEL;C22101;1;MANHA;16;CICLO II  -  2º ANO;17;EDUC GERAL FUNDAMENTAL;10/05/21;22/06/21;100;100;0;0;0;100
361;499587;14;2021;PSS;PROFESSOR SUBSTITUTO;38;EMEIF PALMIRA GABRIEL;C22101;1;MANHA;16;CICLO II  -  2º ANO;17;EDUC GERAL FUNDAMENTAL;10/05/21;22/06/21;100;100;0;0;0;200
362;499587;14;2021;PSS;PROFESSOR SUBSTITUTO;38;EMEIF PALMIRA GABRIEL;C22101;1;MANHA;16;CICLO II  -  2º ANO;17;EDUC GERAL FUNDAMENTAL;02/08/21;31/08/21;100;100;0;0;0;100
363;499587;14;2021;PSS;PROFESSOR SUBSTITUTO;38;EMEIF PALMIRA GABRIEL;C22101;1;MANHA;16;CICLO II  -  2º ANO;17;EDUC GERAL FUNDAMENTAL;02/08/21;31/08/21;100;100;0;0;0;100
364;499587;14;2021;PSS;PROFESSOR SUBSTITUTO;38;EMEIF PALMIRA GABRIEL;C22101;1;MANHA;16;CICLO II  -  2º ANO;17;EDUC GERAL FUNDAMENTAL;02/08/21;31/08/21;100;100;0;0;0;100
365;499587;14;2021;PSS;PROFESSOR SUBSTITUTO;38;EMEIF PALMIRA GABRIEL;C22101;1;MANHA;16;CICLO II  -  2º ANO;17;EDUC GERAL FUNDAMENTAL;02/08/21;31/08/21;100;100;0;0;0;100
366;499587;14;2021;PSS;PROFESSOR SUBSTITUTO;38;EMEIF PALMIRA GABRIEL;C22101;1;MANHA;16;CICLO II  -  2º ANO;17;EDUC GERAL FUNDAMENTAL;02/08/21;31/08/21;100;100;0;0;0;200
367;499587;14;2021;PSS;PROFESSOR SUBSTITUTO;38;EMEIF PALMIRA GABRIEL;C22101;1;MANHA;16;CICLO II  -  2º ANO;17;EDUC GERAL FUNDAMENTAL;23/06/21;30/06/21;100;100;0;0;0;100
368;499587;14;2021;PSS;PROFESSOR SUBSTITUTO;38;EMEIF PALMIRA GABRIEL;C22101;1;MANHA;16;CICLO II  -  2º ANO;17;EDUC GERAL FUNDAMENTAL;23/06/21;30/06/21;100;100;0;0;0;100
369;499587;14;2021;PSS;PROFESSOR SUBSTITUTO;38;EMEIF PALMIRA GABRIEL;C22101;1;MANHA;16;CICLO II  -  2º ANO;17;EDUC GERAL FUNDAMENTAL;23/06/21;30/06/21;100;100;0;0;0;100
370;499587;14;2021;PSS;PROFESSOR SUBSTITUTO;38;EMEIF PALMIRA GABRIEL;C22101;1;MANHA;16;CICLO II  -  2º ANO;17;EDUC GERAL FUNDAMENTAL;23/06/21;30/06/21;100;100;0;0;0;100
371;499587;14;2021;PSS;PROFESSOR SUBSTITUTO;38;EMEIF PALMIRA GABRIEL;C22101;1;MANHA;16;CICLO II  -  2º ANO;17;EDUC GERAL FUNDAMENTAL;23/06/21;30/06/21;100;100;0;0;0;200
372;487597;10;2021;PSS;PROFESSOR SUBSTITUTO;474;EMEIF PAULO ALMEIDA BRASIL;J11101;1;MANHA;67;JARDIM I;16;EDUC GERAL INFANTIL;20/05/21;30/09/21;100;0;0;0;0;60
373;487597;10;2021;PSS;PROFESSOR SUBSTITUTO;474;EMEIF PAULO ALMEIDA BRASIL;J11101;1;MANHA;67;JARDIM I;16;EDUC GERAL INFANTIL;20/05/21;30/09/21;100;0;0;0;0;200
374;487597;10;2021;PSS;PROFESSOR SUBSTITUTO;474;EMEIF PAULO ALMEIDA BRASIL;J11101;1;MANHA;67;JARDIM I;16;EDUC GERAL INFANTIL;20/05/21;30/09/21;100;0;0;0;0;200
375;487597;10;2021;PSS;PROFESSOR SUBSTITUTO;474;EMEIF PAULO ALMEIDA BRASIL;J11101;1;MANHA;67;JARDIM I;16;EDUC GERAL INFANTIL;20/05/21;30/09/21;100;0;0;0;0;200
376;487597;10;2021;PSS;PROFESSOR SUBSTITUTO;474;EMEIF PAULO ALMEIDA BRASIL;C12301;3;TARDE  ;13;CICLO I  -  2º ANO;17;EDUC GERAL FUNDAMENTAL;20/05/21;31/08/21;100;0;0;0;0;60
377;487597;10;2021;PSS;PROFESSOR SUBSTITUTO;474;EMEIF PAULO ALMEIDA BRASIL;C12301;3;TARDE  ;13;CICLO I  -  2º ANO;17;EDUC GERAL FUNDAMENTAL;20/05/21;31/08/21;100;0;0;0;0;200
378;487597;10;2021;PSS;PROFESSOR SUBSTITUTO;474;EMEIF PAULO ALMEIDA BRASIL;C12301;3;TARDE  ;13;CICLO I  -  2º ANO;17;EDUC GERAL FUNDAMENTAL;20/05/21;31/08/21;100;0;0;0;0;200
379;487597;10;2021;PSS;PROFESSOR SUBSTITUTO;474;EMEIF PAULO ALMEIDA BRASIL;C12301;3;TARDE  ;13;CICLO I  -  2º ANO;17;EDUC GERAL FUNDAMENTAL;20/05/21;31/08/21;100;0;0;0;0;200
